percentage,low-Degree=0,medium-Degree=0,high-Degree=0,low-Degree=1,medium-Degree=1,high-Degree=1,low-Degree=2,medium-Degree=2,high-Degree=2,low-Degree=3,medium-Degree=3,high-Degree=3,low-Degree=4,medium-Degree=4,high-Degree=4,low-Degree=5,medium-Degree=5,high-Degree=5,low-Degree=6,medium-Degree=6,high-Degree=6,low-Degree=7,medium-Degree=7,high-Degree=7,low-Degree=8,medium-Degree=8,high-Degree=8,low-Degree=9,medium-Degree=9,high-Degree=9,low-Degree=10,medium-Degree=10,high-Degree=10,low-Degree=11,medium-Degree=11,high-Degree=11,low-Degree=12,medium-Degree=12,high-Degree=12,low-Degree=13,medium-Degree=13,high-Degree=13,low-Degree=14,medium-Degree=14,high-Degree=14,low-Degree=15,medium-Degree=15,high-Degree=15
0.0,0.0,0.0,0.0,0.0,0.0,0.0,0.04081632653061224,0.05555555555555555,0.08490566037735849,0.6086956521739131,0.6464646464646465,0.6770833333333334,0.13131313131313133,0.16161616161616163,0.18681318681318682,0.01834862385321101,0.030612244897959183,0.053763440860215055,0.0,0.010869565217391304,0.028037383177570093,0.0,0.009708737864077669,0.018867924528301886,0.0,0.009900990099009901,0.021739130434782608,0.0,0.02,0.038461538461538464,0.0,0.009433962264150943,0.019801980198019802,0.0,0.0,0.018691588785046728,0.0,0.0,0.0,0.0,0.0,0.0,0.0,0.0,0.0,0.0,0.0,0.0
0.01,0.009615384615384616,0.01020408163265306,0.010638297872340425,0.0,0.0,0.0,0.05102040816326531,0.06593406593406594,0.09433962264150944,0.5945945945945946,0.631578947368421,0.660377358490566,0.12727272727272726,0.1595744680851064,0.1827956989247312,0.01818181818181818,0.030927835051546393,0.05405405405405406,0.0,0.010752688172043012,0.027777777777777776,0.0,0.009900990099009901,0.018691588785046728,0.0,0.010309278350515464,0.021505376344086023,0.0,0.019801980198019802,0.03296703296703297,0.0,0.009615384615384616,0.0196078431372549,0.0,0.0,0.011111111111111112,0.0,0.0,0.0,0.0,0.0,0.0,0.0,0.0,0.0,0.0,0.0,0.0
0.02,0.026785714285714284,0.02830188679245283,0.03,0.0,0.0,0.0,0.0660377358490566,0.08333333333333333,0.10869565217391304,0.5729166666666666,0.6082474226804123,0.6371681415929203,0.12149532710280374,0.15151515151515152,0.17475728155339806,0.018018018018018018,0.030303030303030304,0.05309734513274336,0.0,0.010416666666666666,0.02727272727272727,0.0,0.01,0.018867924528301886,0.0,0.010526315789473684,0.021505376344086023,0.008928571428571428,0.01904761904761905,0.03125,0.0,0.009615384615384616,0.019230769230769232,0.0,0.0,0.010752688172043012,0.0,0.0,0.0,0.0,0.0,0.0,0.0,0.0,0.0,0.0,0.0,0.0
0.03,0.0392156862745098,0.041237113402061855,0.043010752688172046,0.0,0.0,0.0,0.08,0.09574468085106383,0.11926605504587157,0.5544554455445545,0.5894736842105263,0.6185567010309279,0.11711711711711711,0.14705882352941177,0.16964285714285715,0.017543859649122806,0.03,0.05263157894736842,0.0,0.010309278350515464,0.026785714285714284,0.0,0.010101010101010102,0.019230769230769232,0.008771929824561403,0.010526315789473684,0.02127659574468085,0.008849557522123894,0.018518518518518517,0.03,0.0,0.009433962264150943,0.01904761904761905,0.0,0.0,0.010309278350515464,0.0,0.0,0.0,0.0,0.0,0.0,0.0,0.0,0.0,0.0,0.0,0.0
0.04,0.05263157894736842,0.056074766355140186,0.0594059405940594,0.0,0.0,0.0,0.09278350515463918,0.10891089108910891,0.13157894736842105,0.5368421052631579,0.57,0.5980392156862745,0.1134020618556701,0.14035087719298245,0.16216216216216217,0.017241379310344827,0.02912621359223301,0.052083333333333336,0.0,0.01020408163265306,0.02631578947368421,0.0,0.01,0.019417475728155338,0.008928571428571428,0.010638297872340425,0.02608695652173913,0.008771929824561403,0.017857142857142856,0.02830188679245283,0.0,0.009259259259259259,0.018518518518518517,0.0,0.0,0.010101010101010102,0.0,0.0,0.0,0.0,0.0,0.0,0.0,0.0,0.0,0.0,0.0,0.0
0.05,0.06862745098039216,0.0707070707070707,0.07216494845360824,0.0,0.0,0.0,0.10344827586206896,0.12037037037037036,0.14285714285714285,0.5196078431372549,0.5520833333333334,0.58,0.11,0.1346153846153846,0.15625,0.010526315789473684,0.028846153846153848,0.05128205128205128,0.0,0.010101010101010102,0.02608695652173913,0.0,0.01,0.0196078431372549,0.008928571428571428,0.017241379310344827,0.02586206896551724,0.008620689655172414,0.017241379310344827,0.02654867256637168,0.0,0.009009009009009009,0.017857142857142856,0.0,0.0,0.00980392156862745,0.0,0.0,0.0,0.0,0.0,0.0,0.0,0.0,0.0,0.0,0.0,0.0
0.06,0.08163265306122448,0.08411214953271028,0.08737864077669903,0.0,0.0,0.0,0.11320754716981132,0.13131313131313133,0.15254237288135594,0.5045045045045045,0.5353535353535354,0.5612244897959183,0.10526315789473684,0.13,0.15151515151515152,0.010309278350515464,0.028037383177570093,0.050505050505050504,0.0,0.01,0.02586206896551724,0.0,0.01,0.0196078431372549,0.008928571428571428,0.017094017094017096,0.02586206896551724,0.008547008547008548,0.010309278350515464,0.020618556701030927,0.0,0.008771929824561403,0.01694915254237288,0.0,0.0,0.009523809523809525,0.0,0.0,0.0,0.0,0.0,0.0,0.0,0.0,0.0,0.0,0.0,0.0
0.07,0.09523809523809523,0.09803921568627451,0.1,0.0,0.0,0.0,0.12264150943396226,0.1414141414141414,0.16216216216216217,0.48739495798319327,0.5188679245283019,0.5454545454545454,0.10101010101010101,0.125,0.1452991452991453,0.010101010101010102,0.027522935779816515,0.05,0.0,0.009900990099009901,0.025423728813559324,0.008403361344537815,0.009900990099009901,0.0196078431372549,0.008849557522123894,0.017094017094017096,0.025423728813559324,0.008403361344537815,0.010101010101010102,0.02,0.0,0.00847457627118644,0.010101010101010102,0.0,0.0,0.009345794392523364,0.0,0.0,0.0,0.0,0.0,0.0,0.0,0.0,0.0,0.0,0.0,0.0
0.08,0.10810810810810811,0.1111111111111111,0.11428571428571428,0.0,0.0,0.0,0.1322314049586777,0.1504424778761062,0.17117117117117117,0.47413793103448276,0.504424778761062,0.5294117647058824,0.09821428571428571,0.12,0.14,0.01,0.02727272727272727,0.04918032786885246,0.0,0.009900990099009901,0.025210084033613446,0.00847457627118644,0.009900990099009901,0.019801980198019802,0.008771929824561403,0.01680672268907563,0.025,0.00819672131147541,0.009900990099009901,0.0196078431372549,0.0,0.008130081300813009,0.009900990099009901,0.0,0.0,0.00909090909090909,0.0,0.0,0.0,0.0,0.0,0.0,0.0,0.0,0.0,0.0,0.0,0.0
0.09,0.12149532710280374,0.125,0.12745098039215685,0.0,0.0,0.0,0.14150943396226415,0.1588785046728972,0.1792452830188679,0.45901639344262296,0.48739495798319327,0.5142857142857142,0.09401709401709402,0.11538461538461539,0.1346153846153846,0.00980392156862745,0.02702702702702703,0.04838709677419355,0.008130081300813009,0.00980392156862745,0.025,0.00847457627118644,0.009900990099009901,0.0196078431372549,0.008695652173913044,0.016666666666666666,0.02459016393442623,0.0,0.009615384615384616,0.01904761904761905,0.0,0.0,0.009708737864077669,0.0,0.0,0.008849557522123894,0.0,0.0,0.0,0.0,0.0,0.0,0.0,0.0,0.0,0.0,0.0,0.0
0.1,0.13392857142857142,0.13709677419354838,0.14035087719298245,0.0,0.0,0.00819672131147541,0.14814814814814814,0.16666666666666666,0.1864406779661017,0.44642857142857145,0.47413793103448276,0.5,0.09090909090909091,0.1111111111111111,0.12962962962962962,0.009708737864077669,0.02654867256637168,0.047619047619047616,0.00819672131147541,0.009708737864077669,0.024793388429752067,0.00847457627118644,0.015748031496062992,0.0196078431372549,0.008547008547008548,0.01639344262295082,0.024193548387096774,0.0,0.009345794392523364,0.018691588785046728,0.0,0.0,0.009523809523809525,0.0,0.0,0.008620689655172414,0.0,0.0,0.0,0.0,0.0,0.0,0.0,0.0,0.0,0.0,0.0,0.0
0.11,0.14563106796116504,0.14953271028037382,0.15254237288135594,0.0,0.0,0.008333333333333333,0.1553398058252427,0.17391304347826086,0.19327731092436976,0.43333333333333335,0.4608695652173913,0.48598130841121495,0.08695652173913043,0.10679611650485436,0.125,0.009615384615384616,0.02631578947368421,0.04716981132075472,0.00819672131147541,0.009708737864077669,0.02459016393442623,0.00847457627118644,0.016,0.023809523809523808,0.00847457627118644,0.016260162601626018,0.0234375,0.0,0.009174311926605505,0.01818181818181818,0.0,0.0,0.009259259259259259,0.0,0.0,0.008333333333333333,0.0,0.0,0.0,0.0,0.0,0.0,0.0,0.0,0.0,0.0,0.0,0.0
0.12,0.15833333333333333,0.1619047619047619,0.16521739130434782,0.0,0.0,0.00847457627118644,0.1619047619047619,0.18032786885245902,0.2,0.42063492063492064,0.4482758620689655,0.4727272727272727,0.08411214953271028,0.102803738317757,0.12,0.009523809523809525,0.02586206896551724,0.046296296296296294,0.008264462809917356,0.015748031496062992,0.024390243902439025,0.008403361344537815,0.016,0.024,0.008333333333333333,0.016,0.01904761904761905,0.0,0.009009009009009009,0.017543859649122806,0.0,0.0,0.00909090909090909,0.0,0.0,0.008064516129032258,0.0,0.0,0.0,0.0,0.0,0.0,0.0,0.0,0.0,0.0,0.0,0.0
0.13,0.1694915254237288,0.17355371900826447,0.1774193548387097,0.0,0.0,0.008547008547008548,0.168,0.1864406779661017,0.205607476635514,0.4090909090909091,0.43548387096774194,0.4608695652173913,0.08108108108108109,0.09923664122137404,0.11570247933884298,0.009345794392523364,0.02564102564102564,0.046296296296296294,0.008264462809917356,0.015748031496062992,0.024390243902439025,0.008403361344537815,0.016129032258064516,0.023809523809523808,0.008264462809917356,0.015503875968992248,0.018691588785046728,0.0,0.008771929824561403,0.017094017094017096,0.0,0.0,0.008849557522123894,0.0,0.0,0.0078125,0.0,0.0,0.0,0.0,0.0,0.0,0.0,0.0,0.0,0.0,0.0,0.0
0.14,0.18181818181818182,0.18548387096774194,0.1891891891891892,0.0,0.0,0.008620689655172414,0.17355371900826447,0.1926605504587156,0.211864406779661,0.39814814814814814,0.42342342342342343,0.4485981308411215,0.078125,0.09482758620689655,0.1111111111111111,0.009259259259259259,0.025423728813559324,0.045454545454545456,0.008264462809917356,0.015873015873015872,0.02459016393442623,0.008333333333333333,0.016,0.023809523809523808,0.008064516129032258,0.009433962264150943,0.01834862385321101,0.0,0.008547008547008548,0.01652892561983471,0.0,0.0,0.008695652173913044,0.0,0.0,0.0,0.0,0.0,0.0,0.0,0.0,0.0,0.0,0.0,0.0,0.0,0.0,0.0
0.15,0.19298245614035087,0.19672131147540983,0.20168067226890757,0.0,0.0,0.008695652173913044,0.17757009345794392,0.19696969696969696,0.21705426356589147,0.38596491228070173,0.4117647058823529,0.43636363636363634,0.0743801652892562,0.09166666666666666,0.1076923076923077,0.009174311926605505,0.025,0.04504504504504504,0.008264462809917356,0.016,0.024390243902439025,0.008264462809917356,0.015873015873015872,0.023809523809523808,0.007936507936507936,0.009259259259259259,0.018018018018018018,0.0,0.008333333333333333,0.015873015873015872,0.0,0.0,0.008403361344537815,0.0,0.0,0.0,0.0,0.0,0.0,0.0,0.0,0.0,0.0,0.0,0.0,0.0,0.0,0.0
0.16,0.2047244094488189,0.20869565217391303,0.21296296296296297,0.0,0.0,0.008695652173913044,0.18253968253968253,0.20175438596491227,0.2222222222222222,0.375,0.4,0.4251968503937008,0.07142857142857142,0.08849557522123894,0.104,0.00909090909090909,0.024793388429752067,0.044642857142857144,0.008264462809917356,0.016,0.024193548387096774,0.008264462809917356,0.015748031496062992,0.023622047244094488,0.007751937984496124,0.00909090909090909,0.017857142857142856,0.0,0.008064516129032258,0.014705882352941176,0.0,0.0,0.00819672131147541,0.0,0.0,0.0,0.0,0.0,0.0,0.0,0.0,0.0,0.0,0.0,0.0,0.0,0.0,0.0
0.17,0.21551724137931033,0.22018348623853212,0.22413793103448276,0.0,0.0,0.008771929824561403,0.1864406779661017,0.2066115702479339,0.2265625,0.36507936507936506,0.3897058823529412,0.4144144144144144,0.06896551724137931,0.0847457627118644,0.1,0.00909090909090909,0.02459016393442623,0.043859649122807015,0.00819672131147541,0.016,0.024193548387096774,0.008130081300813009,0.015748031496062992,0.023255813953488372,0.007633587786259542,0.008928571428571428,0.017543859649122806,0.0,0.007874015748031496,0.00909090909090909,0.0,0.0,0.008,0.0,0.0,0.0,0.0,0.0,0.0,0.0,0.0,0.0,0.0,0.0,0.0,0.0,0.0,0.0
0.18,0.22608695652173913,0.23076923076923078,0.23529411764705882,0.0,0.0,0.008771929824561403,0.19083969465648856,0.2109375,0.23076923076923078,0.3548387096774194,0.3793103448275862,0.40336134453781514,0.06666666666666667,0.08148148148148149,0.0967741935483871,0.00909090909090909,0.02459016393442623,0.04310344827586207,0.00819672131147541,0.016,0.024193548387096774,0.008064516129032258,0.015625,0.023076923076923078,0.007518796992481203,0.008695652173913044,0.017241379310344827,0.0,0.007633587786259542,0.008928571428571428,0.0,0.0,0.007874015748031496,0.0,0.0,0.0,0.0,0.0,0.0,0.0,0.0,0.0,0.0,0.0,0.0,0.0,0.0,0.0
0.19,0.23703703703703705,0.24193548387096775,0.24615384615384617,0.0,0.007462686567164179,0.008771929824561403,0.19469026548672566,0.21428571428571427,0.23478260869565218,0.3448275862068966,0.36936936936936937,0.39316239316239315,0.06349206349206349,0.07894736842105263,0.09375,0.009009009009009009,0.024390243902439025,0.042735042735042736,0.008130081300813009,0.015873015873015872,0.024,0.008,0.015267175572519083,0.022556390977443608,0.0072992700729927005,0.008547008547008548,0.01680672268907563,0.0,0.007462686567164179,0.008771929824561403,0.0,0.0,0.007692307692307693,0.0,0.0,0.0,0.0,0.0,0.0,0.0,0.0,0.0,0.0,0.0,0.0,0.0,0.0,0.0
0.2,0.248,0.2537313432835821,0.25833333333333336,0.0,0.007518796992481203,0.008771929824561403,0.19827586206896552,0.21739130434782608,0.23809523809523808,0.33587786259541985,0.359375,0.3826086956521739,0.06086956521739131,0.07575757575757576,0.08955223880597014,0.009009009009009009,0.024193548387096774,0.0423728813559322,0.008130081300813009,0.015873015873015872,0.024,0.007936507936507936,0.015151515151515152,0.022222222222222223,0.0,0.008403361344537815,0.01639344262295082,0.0,0.007194244604316547,0.008620689655172414,0.0,0.0,0.007352941176470588,0.0,0.0,0.0,0.0,0.0,0.0,0.0,0.0,0.0,0.0,0.0,0.0,0.0,0.0,0.0
0.21,0.25833333333333336,0.2631578947368421,0.26865671641791045,0.0,0.007575757575757576,0.008849557522123894,0.2,0.22058823529411764,0.24113475177304963,0.3275862068965517,0.3504273504273504,0.3728813559322034,0.058823529411764705,0.07317073170731707,0.08695652173913043,0.014285714285714285,0.024193548387096774,0.0423728813559322,0.008130081300813009,0.015748031496062992,0.023809523809523808,0.0078125,0.014925373134328358,0.021739130434782608,0.0,0.008264462809917356,0.016,0.0,0.0,0.00847457627118644,0.0,0.0,0.006993006993006993,0.0,0.0,0.0,0.0,0.0,0.0,0.0,0.0,0.0,0.0,0.0,0.0,0.0,0.0,0.0
0.22,0.2682926829268293,0.2740740740740741,0.27906976744186046,0.0,0.007692307692307693,0.014492753623188406,0.2032520325203252,0.22388059701492538,0.24390243902439024,0.31851851851851853,0.34146341463414637,0.36363636363636365,0.056910569105691054,0.07017543859649122,0.08461538461538462,0.014388489208633094,0.024193548387096774,0.041666666666666664,0.008064516129032258,0.015748031496062992,0.023622047244094488,0.007692307692307693,0.014705882352941176,0.02097902097902098,0.0,0.008130081300813009,0.015503875968992248,0.0,0.0,0.008333333333333333,0.0,0.0,0.0,0.0,0.0,0.0,0.0,0.0,0.0,0.0,0.0,0.0,0.0,0.0,0.0,0.0,0.0,0.0
0.23,0.2786885245901639,0.2845528455284553,0.2898550724637681,0.0,0.007751937984496124,0.014814814814814815,0.20634920634920634,0.2265625,0.2462686567164179,0.3089430894308943,0.3310810810810811,0.3541666666666667,0.05426356589147287,0.06779661016949153,0.08148148148148149,0.014492753623188406,0.024,0.04132231404958678,0.008064516129032258,0.015625,0.0234375,0.007633587786259542,0.014492753623188406,0.017391304347826087,0.0,0.007936507936507936,0.015037593984962405,0.0,0.0,0.00819672131147541,0.0,0.0,0.0,0.0,0.0,0.0,0.0,0.0,0.0,0.0,0.0,0.0,0.0,0.0,0.0,0.0,0.0,0.0
0.24,0.2892561983471074,0.29457364341085274,0.3,0.0,0.0078125,0.015037593984962405,0.20833333333333334,0.2288135593220339,0.24822695035460993,0.3008130081300813,0.3230769230769231,0.3448275862068966,0.05128205128205128,0.06557377049180328,0.07874015748031496,0.014492753623188406,0.024,0.04065040650406504,0.008,0.015503875968992248,0.023076923076923078,0.007518796992481203,0.013986013986013986,0.017094017094017096,0.0,0.0078125,0.014492753623188406,0.0,0.0,0.008064516129032258,0.0,0.0,0.0,0.0,0.0,0.0,0.0,0.0,0.0,0.0,0.0,0.0,0.0,0.0,0.0,0.0,0.0,0.0
0.25,0.3,0.30578512396694213,0.3111111111111111,0.0,0.007874015748031496,0.015267175572519083,0.2109375,0.23076923076923078,0.2517985611510791,0.2916666666666667,0.31386861313868614,0.33587786259541985,0.04964539007092199,0.06299212598425197,0.07575757575757576,0.014492753623188406,0.024,0.04,0.007874015748031496,0.015384615384615385,0.023076923076923078,0.007352941176470588,0.008547008547008548,0.01680672268907563,0.0,0.007633587786259542,0.013888888888888888,0.0,0.0,0.007874015748031496,0.0,0.0,0.0,0.0,0.0,0.0,0.0,0.0,0.0,0.0,0.0,0.0,0.0,0.0,0.0,0.0,0.0,0.0
0.26,0.3089430894308943,0.31451612903225806,0.3203125,0.0,0.007936507936507936,0.015503875968992248,0.2125984251968504,0.23275862068965517,0.2536231884057971,0.2846153846153846,0.30597014925373134,0.32786885245901637,0.04838709677419355,0.06060606060606061,0.07377049180327869,0.014492753623188406,0.023809523809523808,0.03937007874015748,0.007874015748031496,0.015267175572519083,0.022727272727272728,0.007246376811594203,0.008403361344537815,0.01652892561983471,0.0,0.007518796992481203,0.008547008547008548,0.0,0.0,0.007692307692307693,0.0,0.0,0.0,0.0,0.0,0.0,0.0,0.0,0.0,0.0,0.0,0.0,0.0,0.0,0.0,0.0,0.0,0.0
0.27,0.3191489361702128,0.3252032520325203,0.33070866141732286,0.0,0.008,0.015748031496062992,0.21428571428571427,0.234375,0.2540983606557377,0.2764227642276423,0.29770992366412213,0.3188405797101449,0.046511627906976744,0.058333333333333334,0.07194244604316546,0.014598540145985401,0.023809523809523808,0.03875968992248062,0.007751937984496124,0.015151515151515152,0.022388059701492536,0.007142857142857143,0.008264462809917356,0.016260162601626018,0.0,0.007352941176470588,0.008333333333333333,0.0,0.0,0.007518796992481203,0.0,0.0,0.0,0.0,0.0,0.0,0.0,0.0,0.0,0.0,0.0,0.0,0.0,0.0,0.0,0.0,0.0,0.0
0.28,0.3284671532846715,0.3356643356643357,0.3409090909090909,0.0,0.008,0.016,0.2158273381294964,0.23577235772357724,0.256,0.2695035460992908,0.2900763358778626,0.3103448275862069,0.044444444444444446,0.05673758865248227,0.06976744186046512,0.014598540145985401,0.023622047244094488,0.038461538461538464,0.007692307692307693,0.014925373134328358,0.022222222222222223,0.006993006993006993,0.008130081300813009,0.016,0.0,0.007194244604316547,0.00819672131147541,0.0,0.0,0.007352941176470588,0.0,0.0,0.0,0.0,0.0,0.0,0.0,0.0,0.0,0.0,0.0,0.0,0.0,0.0,0.0,0.0,0.0,0.0
0.29,0.33858267716535434,0.3442622950819672,0.35036496350364965,0.0,0.008064516129032258,0.016129032258064516,0.21705426356589147,0.23728813559322035,0.25757575757575757,0.26153846153846155,0.28225806451612906,0.3023255813953488,0.04225352112676056,0.05517241379310345,0.06722689075630252,0.014598540145985401,0.0234375,0.03787878787878788,0.007633587786259542,0.014705882352941176,0.021897810218978103,0.006896551724137931,0.008,0.015748031496062992,0.0,0.007042253521126761,0.008064516129032258,0.0,0.0,0.007246376811594203,0.0,0.0,0.0,0.0,0.0,0.0,0.0,0.0,0.0,0.0,0.0,0.0,0.0,0.0,0.0,0.0,0.0,0.0
0.3,0.3488372093023256,0.3546099290780142,0.36065573770491804,0.006756756756756757,0.008130081300813009,0.016260162601626018,0.21804511278195488,0.23846153846153847,0.25833333333333336,0.25384615384615383,0.27450980392156865,0.2945205479452055,0.04065040650406504,0.053691275167785234,0.06504065040650407,0.014598540145985401,0.0234375,0.03759398496240601,0.007518796992481203,0.014492753623188406,0.02142857142857143,0.0,0.007874015748031496,0.015384615384615385,0.0,0.00684931506849315,0.007936507936507936,0.0,0.0,0.0070921985815602835,0.0,0.0,0.0,0.0,0.0,0.0,0.0,0.0,0.0,0.0,0.0,0.0,0.0,0.0,0.0,0.0,0.0,0.0
0.31,0.35772357723577236,0.36363636363636365,0.3700787401574803,0.006896551724137931,0.00819672131147541,0.01652892561983471,0.21897810218978103,0.23943661971830985,0.25925925925925924,0.24647887323943662,0.26717557251908397,0.2867132867132867,0.03968253968253968,0.051470588235294115,0.06349206349206349,0.014598540145985401,0.023255813953488372,0.03676470588235294,0.007462686567164179,0.014285714285714285,0.02097902097902098,0.0,0.007751937984496124,0.015037593984962405,0.0,0.006535947712418301,0.0078125,0.0,0.0,0.006944444444444444,0.0,0.0,0.0,0.0,0.0,0.0,0.0,0.0,0.0,0.0,0.0,0.0,0.0,0.0,0.0,0.0,0.0,0.0
0.32,0.36764705882352944,0.37398373983739835,0.3798449612403101,0.006944444444444444,0.013245033112582781,0.02040816326530612,0.2196969696969697,0.24,0.2601626016260163,0.2396694214876033,0.25984251968503935,0.2786885245901639,0.03870967741935484,0.049586776859504134,0.06206896551724138,0.014492753623188406,0.023076923076923078,0.036231884057971016,0.0072992700729927005,0.013986013986013986,0.02054794520547945,0.0,0.007633587786259542,0.014814814814814815,0.0,0.0,0.007692307692307693,0.0,0.0,0.006756756756756757,0.0,0.0,0.0,0.0,0.0,0.0,0.0,0.0,0.0,0.0,0.0,0.0,0.0,0.0,0.0,0.0,0.0,0.0
0.33,0.37681159420289856,0.3829787234042553,0.3897058823529412,0.007042253521126761,0.0136986301369863,0.02097902097902098,0.2204724409448819,0.24031007751937986,0.26119402985074625,0.23255813953488372,0.25196850393700787,0.2713178294573643,0.03731343283582089,0.048,0.060810810810810814,0.014388489208633094,0.022900763358778626,0.03571428571428571,0.007194244604316547,0.013793103448275862,0.019736842105263157,0.0,0.007518796992481203,0.014285714285714285,0.0,0.0,0.007575757575757576,0.0,0.0,0.006211180124223602,0.0,0.0,0.0,0.0,0.0,0.0,0.0,0.0,0.0,0.0,0.0,0.0,0.0,0.0,0.0,0.0,0.0,0.0
0.34,0.38636363636363635,0.39285714285714285,0.39864864864864863,0.007142857142857143,0.014084507042253521,0.02158273381294964,0.22058823529411764,0.24113475177304963,0.26153846153846155,0.22580645161290322,0.24475524475524477,0.26356589147286824,0.03571428571428571,0.046875,0.058823529411764705,0.014388489208633094,0.022727272727272728,0.034722222222222224,0.0070921985815602835,0.013422818791946308,0.016260162601626018,0.0,0.007352941176470588,0.013986013986013986,0.0,0.0,0.007462686567164179,0.0,0.0,0.0,0.0,0.0,0.0,0.0,0.0,0.0,0.0,0.0,0.0,0.0,0.0,0.0,0.0,0.0,0.0,0.0,0.0,0.0
0.35,0.39552238805970147,0.4015748031496063,0.4083333333333333,0.007246376811594203,0.014388489208633094,0.022222222222222223,0.22058823529411764,0.24161073825503357,0.2619047619047619,0.21897810218978103,0.23809523809523808,0.2569444444444444,0.034013605442176874,0.04580152671755725,0.056451612903225805,0.014285714285714285,0.022556390977443608,0.03424657534246575,0.006944444444444444,0.01282051282051282,0.015873015873015872,0.0,0.007246376811594203,0.013422818791946308,0.0,0.0,0.007352941176470588,0.0,0.0,0.0,0.0,0.0,0.0,0.0,0.0,0.0,0.0,0.0,0.0,0.0,0.0,0.0,0.0,0.0,0.0,0.0,0.0,0.0
0.36,0.40476190476190477,0.41134751773049644,0.417910447761194,0.0072992700729927005,0.014598540145985401,0.022556390977443608,0.22137404580152673,0.2413793103448276,0.26153846153846155,0.2125984251968504,0.23076923076923078,0.25,0.03225806451612903,0.044444444444444446,0.05511811023622047,0.014184397163120567,0.022222222222222223,0.03333333333333333,0.00684931506849315,0.008,0.015748031496062992,0.0,0.0070921985815602835,0.008264462809917356,0.0,0.0,0.007246376811594203,0.0,0.0,0.0,0.0,0.0,0.0,0.0,0.0,0.0,0.0,0.0,0.0,0.0,0.0,0.0,0.0,0.0,0.0,0.0,0.0,0.0
0.37,0.4142857142857143,0.4206896551724138,0.4267515923566879,0.007407407407407408,0.014814814814814815,0.022900763358778626,0.22137404580152673,0.2413793103448276,0.2619047619047619,0.20634920634920634,0.22448979591836735,0.24242424242424243,0.031007751937984496,0.0425531914893617,0.05384615384615385,0.013986013986013986,0.022058823529411766,0.03225806451612903,0.006756756756756757,0.0078125,0.015384615384615385,0.0,0.006993006993006993,0.007936507936507936,0.0,0.0,0.007142857142857143,0.0,0.0,0.0,0.0,0.0,0.0,0.0,0.0,0.0,0.0,0.0,0.0,0.0,0.0,0.0,0.0,0.0,0.0,0.0,0.0,0.0
0.38,0.4230769230769231,0.42962962962962964,0.436241610738255,0.007462686567164179,0.015037593984962405,0.023255813953488372,0.2206896551724138,0.24113475177304963,0.2620689655172414,0.2,0.21768707482993196,0.23529411764705882,0.030303030303030304,0.04081632653061224,0.05263157894736842,0.013793103448275862,0.02158273381294964,0.031496062992125984,0.006622516556291391,0.007692307692307693,0.015267175572519083,0.0,0.00684931506849315,0.0078125,0.0,0.0,0.007042253521126761,0.0,0.0,0.0,0.0,0.0,0.0,0.0,0.0,0.0,0.0,0.0,0.0,0.0,0.0,0.0,0.0,0.0,0.0,0.0,0.0,0.0
0.39,0.432258064516129,0.43902439024390244,0.445859872611465,0.007575757575757576,0.015267175572519083,0.025,0.2206896551724138,0.24060150375939848,0.26153846153846155,0.1935483870967742,0.2109375,0.22900763358778625,0.02962962962962963,0.039473684210526314,0.051470588235294115,0.013605442176870748,0.02127659574468085,0.03076923076923077,0.0064516129032258064,0.007575757575757576,0.015037593984962405,0.0,0.006711409395973154,0.007692307692307693,0.0,0.0,0.006896551724137931,0.0,0.0,0.0,0.0,0.0,0.0,0.0,0.0,0.0,0.0,0.0,0.0,0.0,0.0,0.0,0.0,0.0,0.0,0.0,0.0,0.0
0.4,0.4420289855072464,0.4485294117647059,0.45517241379310347,0.007633587786259542,0.015503875968992248,0.026845637583892617,0.22,0.24031007751937986,0.26119402985074625,0.18705035971223022,0.20437956204379562,0.2214765100671141,0.02877697841726619,0.03821656050955414,0.04964539007092199,0.013333333333333334,0.02097902097902098,0.03007518796992481,0.0,0.007518796992481203,0.014814814814814815,0.0,0.006578947368421052,0.007575757575757576,0.0,0.0,0.006756756756756757,0.0,0.0,0.0,0.0,0.0,0.0,0.0,0.0,0.0,0.0,0.0,0.0,0.0,0.0,0.0,0.0,0.0,0.0,0.0,0.0,0.0
0.41,0.45038167938931295,0.45695364238410596,0.46357615894039733,0.007751937984496124,0.01910828025477707,0.027586206896551724,0.2196969696969697,0.24,0.2602739726027397,0.18115942028985507,0.1984732824427481,0.2158273381294964,0.027777777777777776,0.03759398496240601,0.04794520547945205,0.013157894736842105,0.02054794520547945,0.029411764705882353,0.0,0.007407407407407408,0.014492753623188406,0.0,0.00641025641025641,0.007518796992481203,0.0,0.0,0.006666666666666667,0.0,0.0,0.0,0.0,0.0,0.0,0.0,0.0,0.0,0.0,0.0,0.0,0.0,0.0,0.0,0.0,0.0,0.0,0.0,0.0,0.0
0.42,0.45925925925925926,0.46616541353383456,0.47297297297297297,0.012738853503184714,0.019867549668874173,0.028368794326241134,0.21897810218978103,0.2389937106918239,0.2595419847328244,0.17557251908396945,0.19230769230769232,0.20930232558139536,0.02702702702702703,0.0364963503649635,0.046357615894039736,0.012903225806451613,0.02,0.02877697841726619,0.0,0.0072992700729927005,0.014184397163120567,0.0,0.0,0.007407407407407408,0.0,0.0,0.006578947368421052,0.0,0.0,0.0,0.0,0.0,0.0,0.0,0.0,0.0,0.0,0.0,0.0,0.0,0.0,0.0,0.0,0.0,0.0,0.0,0.0,0.0
0.43,0.46808510638297873,0.4744525547445255,0.48148148148148145,0.013157894736842105,0.02054794520547945,0.029197080291970802,0.2185430463576159,0.23841059602649006,0.25874125874125875,0.16923076923076924,0.18604651162790697,0.20279720279720279,0.026143790849673203,0.03546099290780142,0.045454545454545456,0.012578616352201259,0.01948051948051948,0.027972027972027972,0.0,0.007142857142857143,0.013793103448275862,0.0,0.0,0.0072992700729927005,0.0,0.0,0.00641025641025641,0.0,0.0,0.0,0.0,0.0,0.0,0.0,0.0,0.0,0.0,0.0,0.0,0.0,0.0,0.0,0.0,0.0,0.0,0.0,0.0,0.0
0.44,0.4772727272727273,0.48427672955974843,0.49019607843137253,0.013422818791946308,0.02112676056338028,0.029850746268656716,0.21739130434782608,0.23703703703703705,0.25735294117647056,0.16352201257861634,0.17985611510791366,0.19607843137254902,0.023622047244094488,0.03424657534246575,0.044444444444444446,0.007874015748031496,0.018633540372670808,0.027210884353741496,0.0,0.007042253521126761,0.013422818791946308,0.0,0.0,0.007194244604316547,0.0,0.0,0.006172839506172839,0.0,0.0,0.0,0.0,0.0,0.0,0.0,0.0,0.0,0.0,0.0,0.0,0.0,0.0,0.0,0.0,0.0,0.0,0.0,0.0,0.0
0.45,0.4861111111111111,0.49295774647887325,0.5,0.013888888888888888,0.02158273381294964,0.030534351145038167,0.2158273381294964,0.2361111111111111,0.2565789473684211,0.15789473684210525,0.17419354838709677,0.19014084507042253,0.022556390977443608,0.03289473684210526,0.04316546762589928,0.007575757575757576,0.015267175572519083,0.026490066225165563,0.0,0.006944444444444444,0.013071895424836602,0.0,0.0,0.0070921985815602835,0.0,0.0,0.0,0.0,0.0,0.0,0.0,0.0,0.0,0.0,0.0,0.0,0.0,0.0,0.0,0.0,0.0,0.0,0.0,0.0,0.0,0.0,0.0,0.0
0.46,0.49624060150375937,0.503030303030303,0.5075757575757576,0.014084507042253521,0.021897810218978103,0.03225806451612903,0.21476510067114093,0.2348993288590604,0.2553191489361702,0.15217391304347827,0.1678832116788321,0.18421052631578946,0.022058823529411766,0.03164556962025317,0.04195804195804196,0.007462686567164179,0.014925373134328358,0.02564102564102564,0.0,0.006802721088435374,0.012658227848101266,0.0,0.0,0.006993006993006993,0.0,0.0,0.0,0.0,0.0,0.0,0.0,0.0,0.0,0.0,0.0,0.0,0.0,0.0,0.0,0.0,0.0,0.0,0.0,0.0,0.0,0.0,0.0,0.0
0.47,0.5035460992907801,0.5106382978723404,0.5174825174825175,0.014388489208633094,0.022388059701492536,0.03355704697986577,0.21323529411764705,0.23357664233576642,0.2536231884057971,0.14666666666666667,0.1625,0.17857142857142858,0.02158273381294964,0.03007518796992481,0.04054054054054054,0.007352941176470588,0.014705882352941176,0.023809523809523808,0.0,0.006666666666666667,0.007751937984496124,0.0,0.0,0.006896551724137931,0.0,0.0,0.0,0.0,0.0,0.0,0.0,0.0,0.0,0.0,0.0,0.0,0.0,0.0,0.0,0.0,0.0,0.0,0.0,0.0,0.0,0.0,0.0,0.0
0.48,0.512987012987013,0.5192307692307693,0.5259259259259259,0.014598540145985401,0.024539877300613498,0.034722222222222224,0.2119205298013245,0.2318840579710145,0.2517482517482518,0.14102564102564102,0.1568627450980392,0.17293233082706766,0.02112676056338028,0.029197080291970802,0.03870967741935484,0.007246376811594203,0.014492753623188406,0.022222222222222223,0.0,0.006535947712418301,0.007518796992481203,0.0,0.0,0.006802721088435374,0.0,0.0,0.0,0.0,0.0,0.0,0.0,0.0,0.0,0.0,0.0,0.0,0.0,0.0,0.0,0.0,0.0,0.0,0.0,0.0,0.0,0.0,0.0,0.0
0.49,0.5211267605633803,0.528169014084507,0.5347222222222222,0.014814814814814815,0.025974025974025976,0.03571428571428571,0.21014492753623187,0.2302158273381295,0.25,0.13636363636363635,0.15151515151515152,0.16774193548387098,0.02040816326530612,0.02857142857142857,0.03759398496240601,0.007142857142857143,0.014184397163120567,0.021739130434782608,0.0,0.0064516129032258064,0.007407407407407408,0.0,0.0,0.006666666666666667,0.0,0.0,0.0,0.0,0.0,0.0,0.0,0.0,0.0,0.0,0.0,0.0,0.0,0.0,0.0,0.0,0.0,0.0,0.0,0.0,0.0,0.0,0.0,0.0
0.5,0.5316455696202531,0.5384615384615384,0.5448717948717948,0.018518518518518517,0.02702702702702703,0.03676470588235294,0.2077922077922078,0.22794117647058823,0.24817518248175183,0.13013698630136986,0.14545454545454545,0.16058394160583941,0.019736842105263157,0.027777777777777776,0.0364963503649635,0.006993006993006993,0.013888888888888888,0.02112676056338028,0.0,0.006289308176100629,0.007246376811594203,0.0,0.0,0.006535947712418301,0.0,0.0,0.0,0.0,0.0,0.0,0.0,0.0,0.0,0.0,0.0,0.0,0.0,0.0,0.0,0.0,0.0,0.0,0.0,0.0,0.0,0.0,0.0,0.0
0.51,0.5390070921985816,0.5460122699386503,0.5526315789473685,0.019230769230769232,0.027586206896551724,0.03731343283582089,0.2064516129032258,0.22627737226277372,0.2463768115942029,0.12574850299401197,0.14074074074074075,0.15602836879432624,0.01935483870967742,0.02702702702702703,0.03571428571428571,0.006896551724137931,0.013513513513513514,0.02054794520547945,0.0,0.006097560975609756,0.007194244604316547,0.0,0.0,0.006493506493506494,0.0,0.0,0.0,0.0,0.0,0.0,0.0,0.0,0.0,0.0,0.0,0.0,0.0,0.0,0.0,0.0,0.0,0.0,0.0,0.0,0.0,0.0,0.0,0.0
0.52,0.5474452554744526,0.5547445255474452,0.5611510791366906,0.019867549668874173,0.028368794326241134,0.03821656050955414,0.20437956204379562,0.22435897435897437,0.24444444444444444,0.12056737588652482,0.13513513513513514,0.1503267973856209,0.018867924528301886,0.025974025974025976,0.034722222222222224,0.006756756756756757,0.013157894736842105,0.02,0.0,0.0,0.0070921985815602835,0.0,0.0,0.00641025641025641,0.0,0.0,0.0,0.0,0.0,0.0,0.0,0.0,0.0,0.0,0.0,0.0,0.0,0.0,0.0,0.0,0.0,0.0,0.0,0.0,0.0,0.0,0.0,0.0
0.53,0.5562913907284768,0.5629139072847682,0.569620253164557,0.02040816326530612,0.028985507246376812,0.039735099337748346,0.20261437908496732,0.2222222222222222,0.2413793103448276,0.11564625850340136,0.13043478260869565,0.14492753623188406,0.01744186046511628,0.025,0.03333333333333333,0.006622516556291391,0.01282051282051282,0.01935483870967742,0.0,0.0,0.006993006993006993,0.0,0.0,0.006329113924050633,0.0,0.0,0.0,0.0,0.0,0.0,0.0,0.0,0.0,0.0,0.0,0.0,0.0,0.0,0.0,0.0,0.0,0.0,0.0,0.0,0.0,0.0,0.0,0.0
0.54,0.5652173913043478,0.5714285714285714,0.5782312925170068,0.020833333333333332,0.02962962962962963,0.041379310344827586,0.2,0.2196969696969697,0.2391304347826087,0.11038961038961038,0.125,0.13986013986013987,0.014598540145985401,0.022556390977443608,0.03205128205128205,0.006493506493506494,0.012422360248447204,0.018867924528301886,0.0,0.0,0.006896551724137931,0.0,0.0,0.006211180124223602,0.0,0.0,0.0,0.0,0.0,0.0,0.0,0.0,0.0,0.0,0.0,0.0,0.0,0.0,0.0,0.0,0.0,0.0,0.0,0.0,0.0,0.0,0.0,0.0
0.55,0.5741935483870968,0.5804195804195804,0.5870967741935483,0.02127659574468085,0.031446540880503145,0.0425531914893617,0.19736842105263158,0.21678321678321677,0.2360248447204969,0.1056338028169014,0.12,0.1347517730496454,0.014184397163120567,0.02158273381294964,0.030303030303030304,0.006369426751592357,0.007575757575757576,0.017964071856287425,0.0,0.0,0.006802721088435374,0.0,0.0,0.006134969325153374,0.0,0.0,0.0,0.0,0.0,0.0,0.0,0.0,0.0,0.0,0.0,0.0,0.0,0.0,0.0,0.0,0.0,0.0,0.0,0.0,0.0,0.0,0.0,0.0
0.56,0.5827338129496403,0.589041095890411,0.5958904109589042,0.021739130434782608,0.03289473684210526,0.04316546762589928,0.1956521739130435,0.21428571428571427,0.2331288343558282,0.10071942446043165,0.11510791366906475,0.12949640287769784,0.013888888888888888,0.02112676056338028,0.02877697841726619,0.006211180124223602,0.007246376811594203,0.014492753623188406,0.0,0.0,0.006711409395973154,0.0,0.0,0.005952380952380952,0.0,0.0,0.0,0.0,0.0,0.0,0.0,0.0,0.0,0.0,0.0,0.0,0.0,0.0,0.0,0.0,0.0,0.0,0.0,0.0,0.0,0.0,0.0,0.0
0.57,0.5915492957746479,0.5974842767295597,0.60431654676259,0.024390243902439025,0.034013605442176874,0.043795620437956206,0.19205298013245034,0.21142857142857144,0.23026315789473684,0.0962962962962963,0.1103448275862069,0.12422360248447205,0.013513513513513514,0.02054794520547945,0.028169014084507043,0.006060606060606061,0.007142857142857143,0.014184397163120567,0.0,0.0,0.006622516556291391,0.0,0.0,0.0,0.0,0.0,0.0,0.0,0.0,0.0,0.0,0.0,0.0,0.0,0.0,0.0,0.0,0.0,0.0,0.0,0.0,0.0,0.0,0.0,0.0,0.0,0.0,0.0
0.58,0.6,0.6066666666666667,0.6131386861313869,0.02531645569620253,0.03496503496503497,0.04487179487179487,0.1895424836601307,0.20833333333333334,0.22695035460992907,0.09202453987730061,0.10559006211180125,0.11971830985915492,0.013157894736842105,0.02,0.0273972602739726,0.0,0.007042253521126761,0.013888888888888888,0.0,0.0,0.006535947712418301,0.0,0.0,0.0,0.0,0.0,0.0,0.0,0.0,0.0,0.0,0.0,0.0,0.0,0.0,0.0,0.0,0.0,0.0,0.0,0.0,0.0,0.0,0.0,0.0,0.0,0.0,0.0
0.59,0.6083916083916084,0.6148648648648649,0.6216216216216216,0.026143790849673203,0.03546099290780142,0.046357615894039736,0.1865671641791045,0.20512820512820512,0.22377622377622378,0.087248322147651,0.10071942446043165,0.11464968152866242,0.01282051282051282,0.019230769230769232,0.026490066225165563,0.0,0.006896551724137931,0.013605442176870748,0.0,0.0,0.0064516129032258064,0.0,0.0,0.0,0.0,0.0,0.0,0.0,0.0,0.0,0.0,0.0,0.0,0.0,0.0,0.0,0.0,0.0,0.0,0.0,0.0,0.0,0.0,0.0,0.0,0.0,0.0,0.0
0.6,0.6180555555555556,0.6241610738255033,0.6308724832214765,0.026845637583892617,0.03614457831325301,0.04790419161676647,0.1836734693877551,0.2014388489208633,0.22023809523809523,0.08280254777070063,0.0958904109589041,0.10967741935483871,0.012422360248447204,0.018518518518518517,0.02531645569620253,0.0,0.006802721088435374,0.013245033112582781,0.0,0.0,0.006369426751592357,0.0,0.0,0.0,0.0,0.0,0.0,0.0,0.0,0.0,0.0,0.0,0.0,0.0,0.0,0.0,0.0,0.0,0.0,0.0,0.0,0.0,0.0,0.0,0.0,0.0,0.0,0.0
0.61,0.6258503401360545,0.632258064516129,0.6387096774193548,0.0273972602739726,0.037267080745341616,0.04861111111111111,0.18055555555555555,0.1986754966887417,0.21686746987951808,0.07878787878787878,0.09202453987730061,0.10559006211180125,0.012048192771084338,0.01744186046511628,0.024539877300613498,0.0,0.006666666666666667,0.012903225806451613,0.0,0.0,0.006289308176100629,0.0,0.0,0.0,0.0,0.0,0.0,0.0,0.0,0.0,0.0,0.0,0.0,0.0,0.0,0.0,0.0,0.0,0.0,0.0,0.0,0.0,0.0,0.0,0.0,0.0,0.0,0.0
0.62,0.6351351351351351,0.6408450704225352,0.6477272727272727,0.027777777777777776,0.03896103896103896,0.04929577464788732,0.17687074829931973,0.1949685534591195,0.21323529411764705,0.07471264367816093,0.0875,0.10067114093959731,0.007246376811594203,0.014184397163120567,0.021739130434782608,0.0,0.006535947712418301,0.0125,0.0,0.0,0.006211180124223602,0.0,0.0,0.0,0.0,0.0,0.0,0.0,0.0,0.0,0.0,0.0,0.0,0.0,0.0,0.0,0.0,0.0,0.0,0.0,0.0,0.0,0.0,0.0,0.0,0.0,0.0,0.0
0.63,0.64375,0.6493506493506493,0.6558441558441559,0.02857142857142857,0.04,0.05,0.17365269461077845,0.19148936170212766,0.20945945945945946,0.07051282051282051,0.08333333333333333,0.0963855421686747,0.007042253521126761,0.013888888888888888,0.02097902097902098,0.0,0.00641025641025641,0.012269938650306749,0.0,0.0,0.006172839506172839,0.0,0.0,0.0,0.0,0.0,0.0,0.0,0.0,0.0,0.0,0.0,0.0,0.0,0.0,0.0,0.0,0.0,0.0,0.0,0.0,0.0,0.0,0.0,0.0,0.0,0.0,0.0
0.64,0.6524390243902439,0.6582278481012658,0.6645161290322581,0.029940119760479042,0.04081632653061224,0.051094890510948905,0.17006802721088435,0.1875,0.20496894409937888,0.06666666666666667,0.07894736842105263,0.09195402298850575,0.006896551724137931,0.013605442176870748,0.02054794520547945,0.0,0.006289308176100629,0.011299435028248588,0.0,0.0,0.006097560975609756,0.0,0.0,0.0,0.0,0.0,0.0,0.0,0.0,0.0,0.0,0.0,0.0,0.0,0.0,0.0,0.0,0.0,0.0,0.0,0.0,0.0,0.0,0.0,0.0,0.0,0.0,0.0
0.65,0.6619718309859155,0.6666666666666666,0.6733333333333333,0.031055900621118012,0.041379310344827586,0.05194805194805195,0.16666666666666666,0.18354430379746836,0.20121951219512196,0.0625,0.07482993197278912,0.0875,0.006756756756756757,0.013245033112582781,0.019867549668874173,0.0,0.006134969325153374,0.0070921985815602835,0.0,0.0,0.006024096385542169,0.0,0.0,0.0,0.0,0.0,0.0,0.0,0.0,0.0,0.0,0.0,0.0,0.0,0.0,0.0,0.0,0.0,0.0,0.0,0.0,0.0,0.0,0.0,0.0,0.0,0.0,0.0
0.66,0.6691176470588235,0.6754966887417219,0.6821192052980133,0.03184713375796178,0.04195804195804196,0.05325443786982249,0.16265060240963855,0.1794871794871795,0.19642857142857142,0.05921052631578947,0.07092198581560284,0.08333333333333333,0.006622516556291391,0.012903225806451613,0.01935483870967742,0.0,0.006024096385542169,0.006993006993006993,0.0,0.0,0.005952380952380952,0.0,0.0,0.0,0.0,0.0,0.0,0.0,0.0,0.0,0.0,0.0,0.0,0.0,0.0,0.0,0.0,0.0,0.0,0.0,0.0,0.0,0.0,0.0,0.0,0.0,0.0,0.0
0.67,0.6785714285714286,0.6845238095238095,0.6904761904761905,0.032467532467532464,0.04242424242424243,0.05405405405405406,0.1592356687898089,0.17543859649122806,0.1917808219178082,0.05517241379310345,0.06707317073170732,0.07926829268292683,0.006493506493506494,0.0125,0.018633540372670808,0.0,0.005747126436781609,0.006896551724137931,0.0,0.0,0.005917159763313609,0.0,0.0,0.0,0.0,0.0,0.0,0.0,0.0,0.0,0.0,0.0,0.0,0.0,0.0,0.0,0.0,0.0,0.0,0.0,0.0,0.0,0.0,0.0,0.0,0.0,0.0,0.0
0.68,0.6878980891719745,0.6932515337423313,0.6993865030674846,0.033112582781456956,0.04316546762589928,0.05442176870748299,0.15483870967741936,0.17142857142857143,0.1875,0.05128205128205128,0.0625,0.075,0.006329113924050633,0.012121212121212121,0.018072289156626505,0.0,0.0,0.006802721088435374,0.0,0.0,0.005747126436781609,0.0,0.0,0.0,0.0,0.0,0.0,0.0,0.0,0.0,0.0,0.0,0.0,0.0,0.0,0.0,0.0,0.0,0.0,0.0,0.0,0.0,0.0,0.0,0.0,0.0,0.0,0.0
0.69,0.6967741935483871,0.7019867549668874,0.708029197080292,0.03355704697986577,0.043478260869565216,0.05517241379310345,0.15060240963855423,0.16666666666666666,0.1830065359477124,0.04794520547945205,0.059602649006622516,0.07096774193548387,0.006172839506172839,0.011363636363636364,0.014184397163120567,0.0,0.0,0.006711409395973154,0.0,0.0,0.0,0.0,0.0,0.0,0.0,0.0,0.0,0.0,0.0,0.0,0.0,0.0,0.0,0.0,0.0,0.0,0.0,0.0,0.0,0.0,0.0,0.0,0.0,0.0,0.0,0.0,0.0,0.0
0.7,0.7054794520547946,0.7112676056338029,0.7171052631578947,0.034013605442176874,0.044585987261146494,0.05555555555555555,0.14583333333333334,0.16216216216216217,0.1780821917808219,0.04487179487179487,0.05521472392638037,0.06711409395973154,0.006024096385542169,0.006993006993006993,0.013888888888888888,0.0,0.0,0.006622516556291391,0.0,0.0,0.0,0.0,0.0,0.0,0.0,0.0,0.0,0.0,0.0,0.0,0.0,0.0,0.0,0.0,0.0,0.0,0.0,0.0,0.0,0.0,0.0,0.0,0.0,0.0,0.0,0.0,0.0,0.0
0.71,0.7142857142857143,0.7191780821917808,0.7252747252747253,0.03424657534246575,0.04516129032258064,0.055944055944055944,0.1419753086419753,0.15757575757575756,0.17307692307692307,0.041379310344827586,0.05263157894736842,0.06293706293706294,0.0058823529411764705,0.006896551724137931,0.013605442176870748,0.0,0.0,0.006535947712418301,0.0,0.0,0.0,0.0,0.0,0.0,0.0,0.0,0.0,0.0,0.0,0.0,0.0,0.0,0.0,0.0,0.0,0.0,0.0,0.0,0.0,0.0,0.0,0.0,0.0,0.0,0.0,0.0,0.0,0.0
0.72,0.7236842105263158,0.7284768211920529,0.7342657342657343,0.03468208092485549,0.0457516339869281,0.056338028169014086,0.13725490196078433,0.1527777777777778,0.16774193548387098,0.038461538461538464,0.048484848484848485,0.059602649006622516,0.005555555555555556,0.006756756756756757,0.013245033112582781,0.0,0.0,0.0064516129032258064,0.0,0.0,0.0,0.0,0.0,0.0,0.0,0.0,0.0,0.0,0.0,0.0,0.0,0.0,0.0,0.0,0.0,0.0,0.0,0.0,0.0,0.0,0.0,0.0,0.0,0.0,0.0,0.0,0.0,0.0
0.73,0.7321428571428571,0.7371794871794872,0.7430555555555556,0.03488372093023256,0.046052631578947366,0.05660377358490566,0.13291139240506328,0.14788732394366197,0.16312056737588654,0.03496503496503497,0.0457516339869281,0.05555555555555555,0.0,0.006666666666666667,0.012987012987012988,0.0,0.0,0.006369426751592357,0.0,0.0,0.0,0.0,0.0,0.0,0.0,0.0,0.0,0.0,0.0,0.0,0.0,0.0,0.0,0.0,0.0,0.0,0.0,0.0,0.0,0.0,0.0,0.0,0.0,0.0,0.0,0.0,0.0,0.0
0.74,0.7417218543046358,0.7466666666666667,0.7517241379310344,0.035211267605633804,0.046357615894039736,0.056962025316455694,0.1282051282051282,0.14285714285714285,0.15723270440251572,0.032467532467532464,0.041916167664670656,0.05263157894736842,0.0,0.006535947712418301,0.012658227848101266,0.0,0.0,0.006329113924050633,0.0,0.0,0.0,0.0,0.0,0.0,0.0,0.0,0.0,0.0,0.0,0.0,0.0,0.0,0.0,0.0,0.0,0.0,0.0,0.0,0.0,0.0,0.0,0.0,0.0,0.0,0.0,0.0,0.0,0.0
0.75,0.75,0.7551020408163265,0.7605633802816901,0.03546099290780142,0.046511627906976744,0.056962025316455694,0.1232876712328767,0.13725490196078433,0.1513157894736842,0.029585798816568046,0.0392156862745098,0.04861111111111111,0.0,0.0064516129032258064,0.012269938650306749,0.0,0.0,0.006211180124223602,0.0,0.0,0.00558659217877095,0.0,0.0,0.0,0.0,0.0,0.0,0.0,0.0,0.0,0.0,0.0,0.0,0.0,0.0,0.0,0.0,0.0,0.0,0.0,0.0,0.0,0.0,0.0,0.0,0.0,0.0,0.0
0.76,0.759493670886076,0.7643312101910829,0.7692307692307693,0.03546099290780142,0.04666666666666667,0.056962025316455694,0.11842105263157894,0.13245033112582782,0.1464968152866242,0.02666666666666667,0.03592814371257485,0.046357615894039736,0.0,0.006329113924050633,0.012048192771084338,0.0,0.0,0.006172839506172839,0.0,0.0,0.005813953488372093,0.0,0.0,0.0,0.0,0.0,0.0,0.0,0.0,0.0,0.0,0.0,0.0,0.0,0.0,0.0,0.0,0.0,0.0,0.0,0.0,0.0,0.0,0.0,0.0,0.0,0.0,0.0
0.77,0.76875,0.7733333333333333,0.7784431137724551,0.03550295857988166,0.046357615894039736,0.056818181818181816,0.11392405063291139,0.12738853503184713,0.14093959731543623,0.025,0.03333333333333333,0.042682926829268296,0.0,0.006211180124223602,0.011428571428571429,0.0,0.0,0.006134969325153374,0.0,0.0,0.005813953488372093,0.0,0.0,0.0,0.0,0.0,0.0,0.0,0.0,0.0,0.0,0.0,0.0,0.0,0.0,0.0,0.0,0.0,0.0,0.0,0.0,0.0,0.0,0.0,0.0,0.0,0.0,0.0
0.78,0.7777777777777778,0.782312925170068,0.7875,0.03571428571428571,0.046242774566473986,0.05649717514124294,0.10897435897435898,0.12179487179487179,0.13496932515337423,0.02097902097902098,0.03048780487804878,0.04,0.0,0.006097560975609756,0.006944444444444444,0.0,0.0,0.006097560975609756,0.0,0.0,0.0058823529411764705,0.0,0.0,0.0,0.0,0.0,0.0,0.0,0.0,0.0,0.0,0.0,0.0,0.0,0.0,0.0,0.0,0.0,0.0,0.0,0.0,0.0,0.0,0.0,0.0,0.0,0.0,0.0
0.79,0.7865853658536586,0.7906976744186046,0.7953216374269005,0.03546099290780142,0.0457516339869281,0.056179775280898875,0.1038961038961039,0.11643835616438356,0.12903225806451613,0.0196078431372549,0.0273972602739726,0.03680981595092025,0.0,0.006024096385542169,0.00684931506849315,0.0,0.0,0.006097560975609756,0.0,0.0,0.0058823529411764705,0.0,0.0,0.0,0.0,0.0,0.0,0.0,0.0,0.0,0.0,0.0,0.0,0.0,0.0,0.0,0.0,0.0,0.0,0.0,0.0,0.0,0.0,0.0,0.0,0.0,0.0,0.0
0.8,0.7965116279069767,0.8,0.8051948051948052,0.034722222222222224,0.04516129032258064,0.05517241379310345,0.09868421052631579,0.1111111111111111,0.12337662337662338,0.01818181818181818,0.02564102564102564,0.033783783783783786,0.0,0.005917159763313609,0.006756756756756757,0.0,0.0,0.006060606060606061,0.0,0.0,0.005952380952380952,0.0,0.0,0.0,0.0,0.0,0.0,0.0,0.0,0.0,0.0,0.0,0.0,0.0,0.0,0.0,0.0,0.0,0.0,0.0,0.0,0.0,0.0,0.0,0.0,0.0,0.0,0.0
0.81,0.8050314465408805,0.8092105263157895,0.8141025641025641,0.034482758620689655,0.04430379746835443,0.05442176870748299,0.0945945945945946,0.10588235294117647,0.11764705882352941,0.013986013986013986,0.023668639053254437,0.031446540880503145,0.0,0.005813953488372093,0.006711409395973154,0.0,0.0,0.006060606060606061,0.0,0.0,0.005988023952095809,0.0,0.0,0.0,0.0,0.0,0.0,0.0,0.0,0.0,0.0,0.0,0.0,0.0,0.0,0.0,0.0,0.0,0.0,0.0,0.0,0.0,0.0,0.0,0.0,0.0,0.0,0.0
0.82,0.8143712574850299,0.8181818181818182,0.8227848101265823,0.03355704697986577,0.04375,0.053691275167785234,0.08904109589041095,0.10059171597633136,0.1118421052631579,0.013157894736842105,0.02027027027027027,0.02824858757062147,0.0,0.0,0.006622516556291391,0.0,0.0,0.006097560975609756,0.0,0.0,0.005988023952095809,0.0,0.0,0.0,0.0,0.0,0.0,0.0,0.0,0.0,0.0,0.0,0.0,0.0,0.0,0.0,0.0,0.0,0.0,0.0,0.0,0.0,0.0,0.0,0.0,0.0,0.0,0.0
0.83,0.8238993710691824,0.8275862068965517,0.8313253012048193,0.033112582781456956,0.04216867469879518,0.05263157894736842,0.08387096774193549,0.0949367088607595,0.10596026490066225,0.0125,0.01910828025477707,0.02631578947368421,0.0,0.0,0.006578947368421052,0.0,0.0,0.006097560975609756,0.0,0.0,0.005988023952095809,0.0,0.0,0.0,0.0,0.0,0.0,0.0,0.0,0.0,0.0,0.0,0.0,0.0,0.0,0.0,0.0,0.0,0.0,0.0,0.0,0.0,0.0,0.0,0.0,0.0,0.0,0.0
0.84,0.8333333333333334,0.8366013071895425,0.8404907975460123,0.032467532467532464,0.041176470588235294,0.05161290322580645,0.0784313725490196,0.08904109589041095,0.1,0.011834319526627219,0.017857142857142856,0.024390243902439025,0.0,0.0,0.006535947712418301,0.0,0.0,0.006134969325153374,0.0,0.0,0.005988023952095809,0.0,0.0,0.0,0.0,0.0,0.0,0.0,0.0,0.0,0.0,0.0,0.0,0.0,0.0,0.0,0.0,0.0,0.0,0.0,0.0,0.0,0.0,0.0,0.0,0.0,0.0,0.0
0.85,0.8431372549019608,0.8461538461538461,0.8496732026143791,0.03125,0.040268456375838924,0.049689440993788817,0.07317073170731707,0.08383233532934131,0.09395973154362416,0.006896551724137931,0.013605442176870748,0.020689655172413793,0.0,0.0,0.006493506493506494,0.0,0.0,0.006134969325153374,0.0,0.0,0.005988023952095809,0.0,0.0,0.0,0.0,0.0,0.0,0.0,0.0,0.0,0.0,0.0,0.0,0.0,0.0,0.0,0.0,0.0,0.0,0.0,0.0,0.0,0.0,0.0,0.0,0.0,0.0,0.0
0.86,0.8520710059171598,0.8552631578947368,0.8589743589743589,0.030120481927710843,0.03910614525139665,0.047619047619047616,0.06802721088435375,0.07792207792207792,0.08783783783783784,0.006622516556291391,0.013071895424836602,0.019736842105263157,0.0,0.0,0.0064516129032258064,0.0,0.0,0.006134969325153374,0.0,0.0,0.005988023952095809,0.0,0.0,0.0,0.0,0.0,0.0,0.0,0.0,0.0,0.0,0.0,0.0,0.0,0.0,0.0,0.0,0.0,0.0,0.0,0.0,0.0,0.0,0.0,0.0,0.0,0.0,0.0
0.87,0.8616352201257862,0.8641975308641975,0.8682634730538922,0.028901734104046242,0.037267080745341616,0.046357615894039736,0.062111801242236024,0.07236842105263158,0.0821917808219178,0.0064516129032258064,0.012578616352201259,0.01875,0.0,0.0,0.0064516129032258064,0.0,0.0,0.006097560975609756,0.0,0.0,0.005952380952380952,0.0,0.0,0.0,0.0,0.0,0.0,0.0,0.0,0.0,0.0,0.0,0.0,0.0,0.0,0.0,0.0,0.0,0.0,0.0,0.0,0.0,0.0,0.0,0.0,0.0,0.0,0.0
0.88,0.8709677419354839,0.8735632183908046,0.8774193548387097,0.026845637583892617,0.03529411764705882,0.04430379746835443,0.057692307692307696,0.06666666666666667,0.07586206896551724,0.00625,0.011976047904191617,0.01764705882352941,0.0,0.0,0.0064516129032258064,0.0,0.0,0.006097560975609756,0.0,0.0,0.005917159763313609,0.0,0.0,0.0,0.0,0.0,0.0,0.0,0.0,0.0,0.0,0.0,0.0,0.0,0.0,0.0,0.0,0.0,0.0,0.0,0.0,0.0,0.0,0.0,0.0,0.0,0.0,0.0
0.89,0.8805031446540881,0.8831168831168831,0.8859060402684564,0.025974025974025976,0.033783783783783786,0.041176470588235294,0.05263157894736842,0.06097560975609756,0.07006369426751592,0.006060606060606061,0.011363636363636364,0.0136986301369863,0.0,0.0,0.006369426751592357,0.0,0.0,0.006097560975609756,0.0,0.0,0.0058823529411764705,0.0,0.0,0.0,0.0,0.0,0.0,0.0,0.0,0.0,0.0,0.0,0.0,0.0,0.0,0.0,0.0,0.0,0.0,0.0,0.0,0.0,0.0,0.0,0.0,0.0,0.0,0.0
0.9,0.8909090909090909,0.8930817610062893,0.8954248366013072,0.024242424242424242,0.031446540880503145,0.039735099337748346,0.04697986577181208,0.05555555555555555,0.06369426751592357,0.005917159763313609,0.006756756756756757,0.013245033112582781,0.0,0.0,0.006369426751592357,0.0,0.0,0.006097560975609756,0.0,0.0,0.005747126436781609,0.0,0.0,0.0,0.0,0.0,0.0,0.0,0.0,0.0,0.0,0.0,0.0,0.0,0.0,0.0,0.0,0.0,0.0,0.0,0.0,0.0,0.0,0.0,0.0,0.0,0.0,0.0
0.91,0.9,0.9019607843137255,0.9041916167664671,0.020689655172413793,0.029585798816568046,0.03636363636363636,0.0425531914893617,0.050314465408805034,0.05847953216374269,0.005813953488372093,0.006666666666666667,0.012903225806451613,0.0,0.0,0.006369426751592357,0.0,0.0,0.006060606060606061,0.0,0.0,0.0,0.0,0.0,0.0,0.0,0.0,0.0,0.0,0.0,0.0,0.0,0.0,0.0,0.0,0.0,0.0,0.0,0.0,0.0,0.0,0.0,0.0,0.0,0.0,0.0,0.0,0.0,0.0
0.92,0.9101796407185628,0.9120879120879121,0.9137931034482759,0.019867549668874173,0.026143790849673203,0.0335195530726257,0.0379746835443038,0.04516129032258064,0.052941176470588235,0.005555555555555556,0.006535947712418301,0.012658227848101266,0.0,0.0,0.006369426751592357,0.0,0.0,0.005917159763313609,0.0,0.0,0.0,0.0,0.0,0.0,0.0,0.0,0.0,0.0,0.0,0.0,0.0,0.0,0.0,0.0,0.0,0.0,0.0,0.0,0.0,0.0,0.0,0.0,0.0,0.0,0.0,0.0,0.0,0.0
0.93,0.9194630872483222,0.9215686274509803,0.9235294117647059,0.017964071856287425,0.024844720496894408,0.030120481927710843,0.03289473684210526,0.04,0.04697986577181208,0.0,0.0064516129032258064,0.0125,0.0,0.0,0.006289308176100629,0.0,0.0,0.005555555555555556,0.0,0.0,0.0,0.0,0.0,0.0,0.0,0.0,0.0,0.0,0.0,0.0,0.0,0.0,0.0,0.0,0.0,0.0,0.0,0.0,0.0,0.0,0.0,0.0,0.0,0.0,0.0,0.0,0.0,0.0
0.94,0.9294871794871795,0.9315068493150684,0.9333333333333333,0.013986013986013986,0.020134228187919462,0.02666666666666667,0.028901734104046242,0.03508771929824561,0.04054054054054054,0.0,0.006369426751592357,0.012269938650306749,0.0,0.0,0.006134969325153374,0.0,0.0,0.0,0.0,0.0,0.0,0.0,0.0,0.0,0.0,0.0,0.0,0.0,0.0,0.0,0.0,0.0,0.0,0.0,0.0,0.0,0.0,0.0,0.0,0.0,0.0,0.0,0.0,0.0,0.0,0.0,0.0,0.0
0.95,0.9395973154362416,0.9411764705882353,0.9426751592356688,0.012738853503184714,0.0189873417721519,0.023255813953488372,0.025,0.02976190476190476,0.03614457831325301,0.0,0.006329113924050633,0.011976047904191617,0.0,0.0,0.0058823529411764705,0.0,0.0,0.0,0.0,0.0,0.0,0.0,0.0,0.0,0.0,0.0,0.0,0.0,0.0,0.0,0.0,0.0,0.0,0.0,0.0,0.0,0.0,0.0,0.0,0.0,0.0,0.0,0.0,0.0,0.0,0.0,0.0,0.0
0.96,0.9493670886075949,0.9515151515151515,0.9529411764705882,0.012121212121212121,0.013422818791946308,0.019230769230769232,0.01935483870967742,0.026845637583892617,0.031055900621118012,0.0,0.006211180124223602,0.006802721088435374,0.0,0.0,0.0,0.0,0.0,0.0,0.0,0.0,0.0,0.0,0.0,0.0,0.0,0.0,0.0,0.0,0.0,0.0,0.0,0.0,0.0,0.0,0.0,0.0,0.0,0.0,0.0,0.0,0.0,0.0,0.0,0.0,0.0,0.0,0.0,0.0
0.97,0.9594594594594594,0.9607843137254902,0.9622641509433962,0.011695906432748537,0.012738853503184714,0.013605442176870748,0.01818181818181818,0.0196078431372549,0.023121387283236993,0.0,0.006024096385542169,0.006535947712418301,0.0,0.0,0.0,0.0,0.0,0.0,0.0,0.0,0.0,0.0,0.0,0.0,0.0,0.0,0.0,0.0,0.0,0.0,0.0,0.0,0.0,0.0,0.0,0.0,0.0,0.0,0.0,0.0,0.0,0.0,0.0,0.0,0.0,0.0,0.0,0.0
0.98,0.9683544303797469,0.9700598802395209,0.9724137931034482,0.006289308176100629,0.006802721088435374,0.012658227848101266,0.012048192771084338,0.019867549668874173,0.023668639053254437,0.0,0.0,0.006172839506172839,0.0,0.0,0.0,0.0,0.0,0.0,0.0,0.0,0.0,0.0,0.0,0.0,0.0,0.0,0.0,0.0,0.0,0.0,0.0,0.0,0.0,0.0,0.0,0.0,0.0,0.0,0.0,0.0,0.0,0.0,0.0,0.0,0.0,0.0,0.0,0.0
0.99,0.9801324503311258,0.9810126582278481,0.9820359281437125,0.005988023952095809,0.006329113924050633,0.006622516556291391,0.011976047904191617,0.012658227848101266,0.013245033112582781,0.0,0.0,0.0,0.0,0.0,0.0,0.0,0.0,0.0,0.0,0.0,0.0,0.0,0.0,0.0,0.0,0.0,0.0,0.0,0.0,0.0,0.0,0.0,0.0,0.0,0.0,0.0,0.0,0.0,0.0,0.0,0.0,0.0,0.0,0.0,0.0,0.0,0.0,0.0
1.0,0.9933774834437086,0.9936708860759493,0.9940119760479041,0.005988023952095809,0.006329113924050633,0.006622516556291391,0.0,0.0,0.0,0.0,0.0,0.0,0.0,0.0,0.0,0.0,0.0,0.0,0.0,0.0,0.0,0.0,0.0,0.0,0.0,0.0,0.0,0.0,0.0,0.0,0.0,0.0,0.0,0.0,0.0,0.0,0.0,0.0,0.0,0.0,0.0,0.0,0.0,0.0,0.0,0.0,0.0,0.0
