MODEL,RUN,STEP,Choice class,CompositeElement class,Entry class,Exit class,FinalState class,Pseudostate class,Region class,RegularState class,State class,Statechart class,Synchronization class,Transition class,Vertex class
1,1,0,0,26,7,0,0,7,7,25,25,1,0,57,32
1,1,1,0,26,7,0,0,7,7,25,25,1,0,57,32
1,1,2,0,26,7,0,0,7,7,25,25,1,0,57,32
1,1,3,0,26,7,0,0,7,7,25,25,1,0,57,32
1,1,4,0,26,7,0,0,7,7,25,25,1,0,57,32
1,1,5,0,26,7,0,0,7,7,25,25,1,0,57,32
1,1,6,0,26,7,0,0,7,7,25,25,1,0,57,32
1,1,7,0,26,7,0,0,7,7,25,25,1,0,57,32
1,1,8,0,26,7,0,0,7,7,25,25,1,0,57,32
1,1,9,0,26,7,0,0,7,7,25,25,1,0,57,32
1,1,10,0,26,7,0,0,7,7,25,25,1,0,57,32
1,1,11,0,26,7,0,0,7,7,25,25,1,0,56,32
1,1,12,0,26,7,0,0,7,7,25,25,1,0,56,32
1,1,13,0,26,7,0,0,7,7,25,25,1,0,55,32
1,1,14,0,26,7,0,0,7,7,25,25,1,0,55,32
1,1,15,0,26,7,0,0,7,7,25,25,1,0,54,32
1,1,16,0,26,7,0,0,7,7,25,25,1,0,54,32
1,1,17,0,26,7,0,0,7,7,25,25,1,0,54,32
1,1,18,0,26,7,0,0,7,7,25,25,1,0,54,32
1,1,19,0,26,7,0,0,7,7,25,25,1,0,53,32
1,1,20,0,26,7,0,0,7,7,25,25,1,0,52,32
1,1,21,0,26,7,0,0,7,7,25,25,1,0,51,32
1,1,22,0,26,7,0,0,7,7,25,25,1,0,51,32
1,1,23,0,26,7,0,0,7,7,25,25,1,0,51,32
1,1,24,0,26,7,0,0,7,7,25,25,1,0,50,32
1,1,25,0,26,7,0,0,7,7,25,25,1,0,50,32
1,1,26,0,26,7,0,0,7,7,25,25,1,0,49,32
1,1,27,0,26,7,0,0,7,7,25,25,1,0,49,32
1,1,28,0,26,7,0,0,7,7,25,25,1,0,49,32
1,1,29,0,26,7,0,0,7,7,25,25,1,0,49,32
1,1,30,0,26,7,0,0,7,7,25,25,1,0,48,32
1,1,31,0,26,7,0,0,7,7,25,25,1,0,48,32
1,1,32,0,26,7,0,0,7,7,25,25,1,0,48,32
1,1,33,0,26,7,0,0,7,7,25,25,1,0,47,32
1,1,34,0,26,7,0,0,7,7,25,25,1,0,47,32
1,1,35,0,26,7,0,0,7,7,25,25,1,0,47,32
1,1,36,0,26,7,0,0,7,7,25,25,1,0,46,32
1,1,37,0,26,7,0,0,7,7,25,25,1,0,46,32
1,1,38,0,26,7,0,0,7,7,25,25,1,0,46,32
1,1,39,0,26,7,0,0,7,7,25,25,1,0,46,32
1,1,40,0,26,7,0,0,7,7,25,25,1,0,46,32
1,1,41,0,26,7,0,0,7,7,25,25,1,0,45,32
1,1,42,0,26,7,0,0,7,7,25,25,1,0,45,32
1,1,43,0,26,7,0,0,7,7,25,25,1,0,44,32
1,1,44,0,26,7,0,0,7,7,25,25,1,0,44,32
1,1,45,0,26,7,0,0,7,7,25,25,1,0,44,32
1,1,46,0,26,7,0,0,7,7,25,25,1,0,43,32
1,1,47,0,26,7,0,0,7,7,25,25,1,0,43,32
1,1,48,0,26,7,0,0,7,7,25,25,1,0,42,32
1,1,49,0,26,7,0,0,7,7,25,25,1,0,41,32
1,1,50,0,26,7,0,0,7,7,25,25,1,0,41,32
1,1,51,0,26,7,0,0,7,7,25,25,1,0,41,32
1,1,52,0,26,7,0,0,7,7,25,25,1,0,41,32
1,1,53,0,26,7,0,0,7,7,25,25,1,0,41,32
1,1,54,0,26,7,0,0,7,7,25,25,1,0,41,32
1,1,55,0,26,7,0,0,7,7,25,25,1,0,40,32
1,1,56,0,26,7,0,0,7,7,25,25,1,0,39,32
1,1,57,0,26,7,0,0,7,7,25,25,1,0,39,32
1,1,58,0,26,7,0,0,7,7,25,25,1,0,39,32
1,1,59,0,26,7,0,0,7,7,25,25,1,0,38,32
1,1,60,0,26,7,0,0,7,7,25,25,1,0,37,32
1,1,61,0,26,7,0,0,7,7,25,25,1,0,37,32
1,1,62,0,26,7,0,0,7,7,25,25,1,0,36,32
1,1,63,0,26,7,0,0,7,7,25,25,1,0,35,32
1,1,64,0,26,7,0,0,7,7,25,25,1,0,34,32
1,1,65,0,25,7,0,0,7,7,24,24,1,0,34,31
1,1,66,0,25,7,0,0,7,7,24,24,1,0,34,31
1,1,67,0,25,7,0,0,7,7,24,24,1,0,34,31
1,1,68,0,25,7,0,0,7,7,24,24,1,0,34,31
1,1,69,0,25,7,0,0,7,7,24,24,1,0,33,31
1,1,70,0,25,7,0,0,7,7,24,24,1,0,32,31
1,1,71,0,25,7,0,0,7,7,24,24,1,0,31,31
1,1,72,0,25,7,0,0,7,7,24,24,1,0,31,31
1,1,73,0,25,6,0,0,6,7,24,24,1,0,31,30
1,1,74,0,25,6,0,0,6,7,24,24,1,0,31,30
1,1,75,0,25,6,0,0,6,7,24,24,1,0,30,30
1,1,76,0,25,6,0,0,6,7,24,24,1,0,29,30
1,1,77,0,24,6,0,0,6,7,23,23,1,0,29,29
1,1,78,0,24,6,0,0,6,7,23,23,1,0,29,29
1,1,79,0,24,6,0,0,6,7,23,23,1,0,29,29
1,1,80,0,24,6,0,0,6,7,23,23,1,0,28,29
1,1,81,0,24,6,0,0,6,7,23,23,1,0,27,29
1,1,82,0,24,6,0,0,6,7,23,23,1,0,26,29
1,1,83,0,24,6,0,0,6,7,23,23,1,0,26,29
1,1,84,0,24,6,0,0,6,7,23,23,1,0,25,29
1,1,85,0,24,6,0,0,6,7,23,23,1,0,25,29
1,1,86,0,24,6,0,0,6,7,23,23,1,0,25,29
1,1,87,0,24,6,0,0,6,7,23,23,1,0,25,29
1,1,88,0,24,6,0,0,6,7,23,23,1,0,25,29
1,1,89,0,24,6,0,0,6,7,23,23,1,0,24,29
1,1,90,0,24,6,0,0,6,7,23,23,1,0,23,29
1,1,91,0,24,6,0,0,6,7,23,23,1,0,22,29
1,1,92,0,24,6,0,0,6,7,23,23,1,0,21,29
1,1,93,0,23,6,0,0,6,7,22,22,1,0,21,28
1,1,94,0,23,6,0,0,6,7,22,22,1,0,20,28
1,1,95,0,23,5,0,0,5,7,22,22,1,0,20,27
1,1,96,0,22,5,0,0,5,7,21,21,1,0,20,26
1,1,97,0,21,5,0,0,5,7,20,20,1,0,20,25
1,1,98,0,21,5,0,0,5,7,20,20,1,0,19,25
1,1,99,0,21,5,0,0,5,7,20,20,1,0,18,25
1,1,100,0,21,5,0,0,5,7,20,20,1,0,17,25
1,1,101,0,21,5,0,0,5,7,20,20,1,0,16,25
1,1,102,0,21,5,0,0,5,7,20,20,1,0,15,25
1,1,103,0,21,5,0,0,5,7,20,20,1,0,14,25
1,1,104,0,20,5,0,0,5,7,19,19,1,0,14,24
1,1,105,0,20,4,0,0,4,7,19,19,1,0,14,23
1,1,106,0,20,4,0,0,4,7,19,19,1,0,13,23
1,1,107,0,20,4,0,0,4,7,19,19,1,0,13,23
1,1,108,0,20,4,0,0,4,7,19,19,1,0,12,23
1,1,109,0,20,3,0,0,3,7,19,19,1,0,12,22
1,1,110,0,20,3,0,0,3,7,19,19,1,0,11,22
1,1,111,0,20,3,0,0,3,7,19,19,1,0,11,22
1,1,112,0,19,3,0,0,3,7,18,18,1,0,11,21
1,1,113,0,19,3,0,0,3,7,18,18,1,0,10,21
1,1,114,0,19,2,0,0,2,7,18,18,1,0,10,20
1,1,115,0,19,2,0,0,2,7,18,18,1,0,9,20
1,1,116,0,19,2,0,0,2,7,18,18,1,0,8,20
1,1,117,0,18,2,0,0,2,7,17,17,1,0,8,19
1,1,118,0,18,2,0,0,2,7,17,17,1,0,7,19
1,1,119,0,18,2,0,0,2,7,17,17,1,0,7,19
1,1,120,0,18,2,0,0,2,7,17,17,1,0,7,19
1,1,121,0,18,2,0,0,2,7,17,17,1,0,6,19
1,1,122,0,18,2,0,0,2,7,17,17,1,0,5,19
1,1,123,0,17,2,0,0,2,7,16,16,1,0,5,18
1,1,124,0,17,2,0,0,2,7,16,16,1,0,4,18
1,1,125,0,17,2,0,0,2,6,16,16,1,0,4,18
1,1,126,0,16,2,0,0,2,6,15,15,1,0,4,17
1,1,127,0,15,2,0,0,2,6,14,14,1,0,4,16
1,1,128,0,15,2,0,0,2,6,14,14,1,0,3,16
1,1,129,0,14,2,0,0,2,6,13,13,1,0,3,15
1,1,130,0,14,2,0,0,2,6,13,13,1,0,2,15
1,1,131,0,13,2,0,0,2,6,12,12,1,0,2,14
1,1,132,0,12,2,0,0,2,6,11,11,1,0,2,13
1,1,133,0,12,1,0,0,1,6,11,11,1,0,2,12
1,1,134,0,11,1,0,0,1,6,10,10,1,0,2,11
1,1,135,0,11,1,0,0,1,6,10,10,1,0,1,11
1,1,136,0,11,1,0,0,1,6,10,10,1,0,0,11
1,1,137,0,10,1,0,0,1,6,9,9,1,0,0,10
1,1,138,0,9,1,0,0,1,6,8,8,1,0,0,9
1,1,139,0,8,1,0,0,1,6,7,7,1,0,0,8
1,1,140,0,7,1,0,0,1,6,6,6,1,0,0,7
1,1,141,0,7,0,0,0,0,6,6,6,1,0,0,6
1,1,142,0,7,0,0,0,0,5,6,6,1,0,0,6
1,1,143,0,7,0,0,0,0,4,6,6,1,0,0,6
1,1,144,0,7,0,0,0,0,3,6,6,1,0,0,6
1,1,145,0,6,0,0,0,0,3,5,5,1,0,0,5
1,1,146,0,5,0,0,0,0,3,4,4,1,0,0,4
1,1,147,0,4,0,0,0,0,3,3,3,1,0,0,3
1,1,148,0,4,0,0,0,0,2,3,3,1,0,0,3
1,1,149,0,3,0,0,0,0,2,2,2,1,0,0,2
1,1,150,0,2,0,0,0,0,2,1,1,1,0,0,1
1,1,151,0,2,0,0,0,0,1,1,1,1,0,0,1
1,1,152,0,1,0,0,0,0,1,0,0,1,0,0,0
MODEL,RUN,STEP,Choice class,CompositeElement class,Entry class,Exit class,FinalState class,Pseudostate class,Region class,RegularState class,State class,Statechart class,Synchronization class,Transition class,Vertex class
2,1,0,5,23,7,2,0,14,7,22,22,1,0,57,36
2,1,1,5,23,7,2,0,14,7,22,22,1,0,57,36
2,1,2,5,23,7,2,0,14,7,22,22,1,0,56,36
2,1,3,5,23,7,2,0,14,7,22,22,1,0,56,36
2,1,4,5,23,7,2,0,14,7,22,22,1,0,56,36
2,1,5,5,23,7,2,0,14,7,22,22,1,0,56,36
2,1,6,5,23,7,2,0,14,7,22,22,1,0,56,36
2,1,7,5,23,7,2,0,14,7,22,22,1,0,56,36
2,1,8,5,23,7,2,0,14,7,22,22,1,0,56,36
2,1,9,5,23,7,2,0,14,7,22,22,1,0,56,36
2,1,10,5,23,7,2,0,14,7,22,22,1,0,56,36
2,1,11,5,23,7,2,0,14,7,22,22,1,0,56,36
2,1,12,5,23,7,2,0,14,7,22,22,1,0,56,36
2,1,13,5,23,7,2,0,14,7,22,22,1,0,56,36
2,1,14,5,23,7,2,0,14,7,22,22,1,0,55,36
2,1,15,5,23,7,2,0,14,7,22,22,1,0,55,36
2,1,16,5,23,7,2,0,14,7,22,22,1,0,55,36
2,1,17,5,23,7,2,0,14,7,22,22,1,0,55,36
2,1,18,5,23,7,2,0,14,7,22,22,1,0,55,36
2,1,19,5,23,7,2,0,14,7,22,22,1,0,55,36
2,1,20,5,23,7,2,0,14,7,22,22,1,0,55,36
2,1,21,5,23,7,2,0,14,7,22,22,1,0,54,36
2,1,22,5,23,7,2,0,14,7,22,22,1,0,53,36
2,1,23,5,23,7,2,0,14,7,22,22,1,0,52,36
2,1,24,5,23,7,2,0,14,7,22,22,1,0,52,36
2,1,25,5,23,7,2,0,14,7,22,22,1,0,52,36
2,1,26,5,23,7,2,0,14,7,22,22,1,0,52,36
2,1,27,5,23,7,2,0,14,7,22,22,1,0,51,36
2,1,28,5,23,7,2,0,14,7,22,22,1,0,50,36
2,1,29,5,23,7,2,0,14,7,22,22,1,0,49,36
2,1,30,5,23,7,2,0,14,7,22,22,1,0,49,36
2,1,31,5,23,7,2,0,14,7,22,22,1,0,48,36
2,1,32,5,23,7,2,0,14,7,22,22,1,0,48,36
2,1,33,5,23,7,2,0,14,7,22,22,1,0,48,36
2,1,34,5,23,7,2,0,14,7,22,22,1,0,48,36
2,1,35,5,23,7,2,0,14,7,22,22,1,0,47,36
2,1,36,5,23,7,2,0,14,7,22,22,1,0,47,36
2,1,37,5,23,7,2,0,14,7,22,22,1,0,47,36
2,1,38,5,23,7,2,0,14,7,22,22,1,0,47,36
2,1,39,5,23,7,2,0,14,7,22,22,1,0,47,36
2,1,40,5,23,7,2,0,14,7,22,22,1,0,47,36
2,1,41,5,23,7,2,0,14,7,22,22,1,0,47,36
2,1,42,5,23,7,2,0,14,7,22,22,1,0,47,36
2,1,43,5,23,7,2,0,14,7,22,22,1,0,46,36
2,1,44,5,23,7,2,0,14,7,22,22,1,0,46,36
2,1,45,5,23,7,2,0,14,7,22,22,1,0,45,36
2,1,46,5,23,7,2,0,14,7,22,22,1,0,44,36
2,1,47,5,23,7,2,0,14,7,22,22,1,0,43,36
2,1,48,5,23,7,2,0,14,7,22,22,1,0,43,36
2,1,49,5,23,7,2,0,14,7,22,22,1,0,42,36
2,1,50,5,23,6,2,0,13,7,22,22,1,0,42,35
2,1,51,5,23,6,2,0,13,7,22,22,1,0,41,35
2,1,52,5,23,6,2,0,13,7,22,22,1,0,41,35
2,1,53,5,23,6,2,0,13,7,22,22,1,0,41,35
2,1,54,5,22,6,2,0,13,7,21,21,1,0,41,34
2,1,55,5,22,6,2,0,13,7,21,21,1,0,41,34
2,1,56,5,22,6,2,0,13,7,21,21,1,0,41,34
2,1,57,5,22,6,2,0,13,7,21,21,1,0,41,34
2,1,58,5,22,6,2,0,13,7,21,21,1,0,41,34
2,1,59,5,22,5,2,0,12,7,21,21,1,0,41,33
2,1,60,5,22,5,2,0,12,7,21,21,1,0,41,33
2,1,61,5,22,5,2,0,12,7,21,21,1,0,40,33
2,1,62,5,22,5,2,0,12,7,21,21,1,0,39,33
2,1,63,5,22,5,2,0,12,7,21,21,1,0,38,33
2,1,64,5,22,5,2,0,12,7,21,21,1,0,38,33
2,1,65,5,22,5,2,0,12,7,21,21,1,0,38,33
2,1,66,5,22,5,2,0,12,7,21,21,1,0,38,33
2,1,67,5,22,5,2,0,12,7,21,21,1,0,37,33
2,1,68,5,22,5,2,0,12,7,21,21,1,0,36,33
2,1,69,5,22,5,1,0,11,7,21,21,1,0,36,32
2,1,70,5,22,5,1,0,11,7,21,21,1,0,35,32
2,1,71,5,22,5,1,0,11,7,21,21,1,0,34,32
2,1,72,5,22,5,1,0,11,7,21,21,1,0,33,32
2,1,73,5,22,5,1,0,11,7,21,21,1,0,32,32
2,1,74,5,22,5,1,0,11,7,21,21,1,0,32,32
2,1,75,5,22,5,1,0,11,7,21,21,1,0,31,32
2,1,76,5,22,5,1,0,11,7,21,21,1,0,30,32
2,1,77,5,22,5,1,0,11,7,21,21,1,0,30,32
2,1,78,5,21,5,1,0,11,7,20,20,1,0,30,31
2,1,79,5,21,5,1,0,11,7,20,20,1,0,29,31
2,1,80,5,21,5,1,0,11,7,20,20,1,0,29,31
2,1,81,5,21,5,1,0,11,7,20,20,1,0,28,31
2,1,82,5,21,5,1,0,11,7,20,20,1,0,28,31
2,1,83,5,21,5,1,0,11,7,20,20,1,0,27,31
2,1,84,5,21,5,1,0,11,7,20,20,1,0,26,31
2,1,85,5,20,5,1,0,11,7,19,19,1,0,26,30
2,1,86,5,20,5,1,0,11,7,19,19,1,0,26,30
2,1,87,5,20,5,1,0,11,7,19,19,1,0,25,30
2,1,88,5,20,5,1,0,11,7,19,19,1,0,25,30
2,1,89,5,20,5,1,0,11,7,19,19,1,0,24,30
2,1,90,5,20,5,1,0,11,7,19,19,1,0,24,30
2,1,91,5,20,4,1,0,10,7,19,19,1,0,24,29
2,1,92,5,20,4,1,0,10,7,19,19,1,0,23,29
2,1,93,5,20,4,1,0,10,7,19,19,1,0,22,29
2,1,94,5,20,4,1,0,10,7,19,19,1,0,21,29
2,1,95,5,20,4,1,0,10,7,19,19,1,0,20,29
2,1,96,5,19,4,1,0,10,7,18,18,1,0,20,28
2,1,97,5,18,4,1,0,10,7,17,17,1,0,20,27
2,1,98,5,18,4,1,0,10,7,17,17,1,0,20,27
2,1,99,5,18,4,1,0,10,7,17,17,1,0,19,27
2,1,100,5,17,4,1,0,10,7,16,16,1,0,19,26
2,1,101,5,16,4,1,0,10,7,15,15,1,0,19,25
2,1,102,5,16,4,1,0,10,7,15,15,1,0,18,25
2,1,103,5,15,4,1,0,10,7,14,14,1,0,18,24
2,1,104,5,14,4,1,0,10,7,13,13,1,0,18,23
2,1,105,5,14,4,1,0,10,7,13,13,1,0,18,23
2,1,106,5,14,4,1,0,10,7,13,13,1,0,17,23
2,1,107,5,14,4,1,0,10,7,13,13,1,0,17,23
2,1,108,5,14,4,1,0,10,7,13,13,1,0,17,23
2,1,109,5,14,4,1,0,10,7,13,13,1,0,17,23
2,1,110,5,14,4,1,0,10,7,13,13,1,0,16,23
2,1,111,5,14,4,1,0,10,7,13,13,1,0,15,23
2,1,112,5,14,4,1,0,10,7,13,13,1,0,14,23
2,1,113,5,14,4,1,0,10,7,13,13,1,0,13,23
2,1,114,5,14,4,1,0,10,7,13,13,1,0,12,23
2,1,115,5,14,4,1,0,10,7,13,13,1,0,11,23
2,1,116,5,14,4,1,0,10,7,13,13,1,0,10,23
2,1,117,5,13,4,1,0,10,7,12,12,1,0,10,22
2,1,118,5,13,4,0,0,9,7,12,12,1,0,10,21
2,1,119,5,13,4,0,0,9,7,12,12,1,0,10,21
2,1,120,5,13,3,0,0,8,7,12,12,1,0,10,20
2,1,121,5,13,3,0,0,8,7,12,12,1,0,9,20
2,1,122,5,13,3,0,0,8,7,12,12,1,0,8,20
2,1,123,5,13,3,0,0,8,7,12,12,1,0,7,20
2,1,124,5,12,3,0,0,8,7,11,11,1,0,7,19
2,1,125,4,12,3,0,0,7,7,11,11,1,0,7,18
2,1,126,3,12,3,0,0,6,7,11,11,1,0,7,17
2,1,127,3,12,3,0,0,6,7,11,11,1,0,6,17
2,1,128,3,11,3,0,0,6,7,10,10,1,0,6,16
2,1,129,3,10,3,0,0,6,7,9,9,1,0,6,15
2,1,130,3,10,3,0,0,6,7,9,9,1,0,5,15
2,1,131,3,10,3,0,0,6,6,9,9,1,0,5,15
2,1,132,3,10,2,0,0,5,6,9,9,1,0,5,14
2,1,133,3,9,2,0,0,5,6,8,8,1,0,5,13
2,1,134,3,9,2,0,0,5,6,8,8,1,0,4,13
2,1,135,3,8,2,0,0,5,6,7,7,1,0,4,12
2,1,136,3,8,2,0,0,5,6,7,7,1,0,3,12
2,1,137,2,8,2,0,0,4,6,7,7,1,0,3,11
2,1,138,2,8,1,0,0,3,6,7,7,1,0,3,10
2,1,139,2,8,1,0,0,3,6,7,7,1,0,2,10
2,1,140,2,8,0,0,0,2,6,7,7,1,0,2,9
2,1,141,1,8,0,0,0,1,6,7,7,1,0,2,8
2,1,142,1,8,0,0,0,1,5,7,7,1,0,2,8
2,1,143,1,7,0,0,0,1,5,6,6,1,0,2,7
2,1,144,1,6,0,0,0,1,5,5,5,1,0,2,6
2,1,145,0,6,0,0,0,0,5,5,5,1,0,2,5
2,1,146,0,5,0,0,0,0,5,4,4,1,0,2,4
2,1,147,0,5,0,0,0,0,4,4,4,1,0,2,4
2,1,148,0,5,0,0,0,0,3,4,4,1,0,2,4
2,1,149,0,5,0,0,0,0,3,4,4,1,0,1,4
2,1,150,0,4,0,0,0,0,3,3,3,1,0,1,3
2,1,151,0,4,0,0,0,0,3,3,3,1,0,0,3
2,1,152,0,3,0,0,0,0,3,2,2,1,0,0,2
2,1,153,0,3,0,0,0,0,2,2,2,1,0,0,2
2,1,154,0,2,0,0,0,0,2,1,1,1,0,0,1
2,1,155,0,2,0,0,0,0,1,1,1,1,0,0,1
2,1,156,0,1,0,0,0,0,1,0,0,1,0,0,0
MODEL,RUN,STEP,Choice class,CompositeElement class,Entry class,Exit class,FinalState class,Pseudostate class,Region class,RegularState class,State class,Statechart class,Synchronization class,Transition class,Vertex class
3,1,0,0,25,6,0,0,6,6,24,24,1,0,73,30
3,1,1,0,25,6,0,0,6,6,24,24,1,0,73,30
3,1,2,0,25,6,0,0,6,6,24,24,1,0,73,30
3,1,3,0,25,6,0,0,6,6,24,24,1,0,73,30
3,1,4,0,25,6,0,0,6,6,24,24,1,0,72,30
3,1,5,0,25,6,0,0,6,6,24,24,1,0,72,30
3,1,6,0,25,6,0,0,6,6,24,24,1,0,72,30
3,1,7,0,25,6,0,0,6,6,24,24,1,0,72,30
3,1,8,0,25,6,0,0,6,6,24,24,1,0,72,30
3,1,9,0,25,6,0,0,6,6,24,24,1,0,72,30
3,1,10,0,25,6,0,0,6,6,24,24,1,0,72,30
3,1,11,0,25,6,0,0,6,6,24,24,1,0,72,30
3,1,12,0,25,6,0,0,6,6,24,24,1,0,72,30
3,1,13,0,25,6,0,0,6,6,24,24,1,0,72,30
3,1,14,0,25,6,0,0,6,6,24,24,1,0,71,30
3,1,15,0,25,6,0,0,6,6,24,24,1,0,71,30
3,1,16,0,25,6,0,0,6,6,24,24,1,0,70,30
3,1,17,0,25,6,0,0,6,6,24,24,1,0,70,30
3,1,18,0,25,6,0,0,6,6,24,24,1,0,70,30
3,1,19,0,25,6,0,0,6,6,24,24,1,0,70,30
3,1,20,0,25,6,0,0,6,6,24,24,1,0,70,30
3,1,21,0,25,6,0,0,6,6,24,24,1,0,69,30
3,1,22,0,25,6,0,0,6,6,24,24,1,0,69,30
3,1,23,0,25,6,0,0,6,6,24,24,1,0,69,30
3,1,24,0,25,6,0,0,6,6,24,24,1,0,69,30
3,1,25,0,25,6,0,0,6,6,24,24,1,0,69,30
3,1,26,0,25,6,0,0,6,6,24,24,1,0,69,30
3,1,27,0,25,6,0,0,6,6,24,24,1,0,69,30
3,1,28,0,25,6,0,0,6,6,24,24,1,0,68,30
3,1,29,0,25,6,0,0,6,6,24,24,1,0,67,30
3,1,30,0,25,6,0,0,6,6,24,24,1,0,67,30
3,1,31,0,25,6,0,0,6,6,24,24,1,0,67,30
3,1,32,0,25,6,0,0,6,6,24,24,1,0,67,30
3,1,33,0,25,6,0,0,6,6,24,24,1,0,66,30
3,1,34,0,25,6,0,0,6,6,24,24,1,0,66,30
3,1,35,0,25,6,0,0,6,6,24,24,1,0,65,30
3,1,36,0,25,6,0,0,6,6,24,24,1,0,65,30
3,1,37,0,25,6,0,0,6,6,24,24,1,0,65,30
3,1,38,0,25,6,0,0,6,6,24,24,1,0,65,30
3,1,39,0,25,6,0,0,6,6,24,24,1,0,64,30
3,1,40,0,25,6,0,0,6,6,24,24,1,0,64,30
3,1,41,0,25,6,0,0,6,6,24,24,1,0,64,30
3,1,42,0,25,6,0,0,6,6,24,24,1,0,64,30
3,1,43,0,25,6,0,0,6,6,24,24,1,0,64,30
3,1,44,0,25,6,0,0,6,6,24,24,1,0,63,30
3,1,45,0,25,6,0,0,6,6,24,24,1,0,63,30
3,1,46,0,25,6,0,0,6,6,24,24,1,0,63,30
3,1,47,0,25,6,0,0,6,6,24,24,1,0,63,30
3,1,48,0,25,6,0,0,6,6,24,24,1,0,63,30
3,1,49,0,25,6,0,0,6,6,24,24,1,0,63,30
3,1,50,0,25,6,0,0,6,6,24,24,1,0,63,30
3,1,51,0,25,6,0,0,6,6,24,24,1,0,62,30
3,1,52,0,25,6,0,0,6,6,24,24,1,0,61,30
3,1,53,0,25,6,0,0,6,6,24,24,1,0,60,30
3,1,54,0,25,6,0,0,6,6,24,24,1,0,60,30
3,1,55,0,25,6,0,0,6,6,24,24,1,0,59,30
3,1,56,0,25,6,0,0,6,6,24,24,1,0,59,30
3,1,57,0,25,6,0,0,6,6,24,24,1,0,58,30
3,1,58,0,25,6,0,0,6,6,24,24,1,0,57,30
3,1,59,0,25,6,0,0,6,6,24,24,1,0,57,30
3,1,60,0,25,6,0,0,6,6,24,24,1,0,56,30
3,1,61,0,25,6,0,0,6,6,24,24,1,0,55,30
3,1,62,0,25,6,0,0,6,6,24,24,1,0,55,30
3,1,63,0,25,6,0,0,6,6,24,24,1,0,54,30
3,1,64,0,24,6,0,0,6,6,23,23,1,0,54,29
3,1,65,0,24,6,0,0,6,6,23,23,1,0,54,29
3,1,66,0,24,6,0,0,6,6,23,23,1,0,54,29
3,1,67,0,24,6,0,0,6,6,23,23,1,0,54,29
3,1,68,0,24,6,0,0,6,6,23,23,1,0,53,29
3,1,69,0,24,6,0,0,6,6,23,23,1,0,52,29
3,1,70,0,24,6,0,0,6,6,23,23,1,0,52,29
3,1,71,0,24,6,0,0,6,6,23,23,1,0,52,29
3,1,72,0,24,6,0,0,6,6,23,23,1,0,51,29
3,1,73,0,24,6,0,0,6,6,23,23,1,0,50,29
3,1,74,0,24,6,0,0,6,6,23,23,1,0,50,29
3,1,75,0,24,6,0,0,6,6,23,23,1,0,50,29
3,1,76,0,24,6,0,0,6,6,23,23,1,0,49,29
3,1,77,0,24,6,0,0,6,6,23,23,1,0,48,29
3,1,78,0,24,6,0,0,6,6,23,23,1,0,47,29
3,1,79,0,24,6,0,0,6,6,23,23,1,0,46,29
3,1,80,0,24,6,0,0,6,6,23,23,1,0,45,29
3,1,81,0,24,6,0,0,6,6,23,23,1,0,44,29
3,1,82,0,24,6,0,0,6,6,23,23,1,0,44,29
3,1,83,0,24,6,0,0,6,6,23,23,1,0,43,29
3,1,84,0,24,6,0,0,6,6,23,23,1,0,43,29
3,1,85,0,24,6,0,0,6,6,23,23,1,0,42,29
3,1,86,0,24,6,0,0,6,6,23,23,1,0,41,29
3,1,87,0,24,6,0,0,6,6,23,23,1,0,41,29
3,1,88,0,24,6,0,0,6,6,23,23,1,0,40,29
3,1,89,0,24,6,0,0,6,6,23,23,1,0,39,29
3,1,90,0,24,6,0,0,6,6,23,23,1,0,39,29
3,1,91,0,24,6,0,0,6,6,23,23,1,0,38,29
3,1,92,0,24,6,0,0,6,6,23,23,1,0,37,29
3,1,93,0,24,6,0,0,6,6,23,23,1,0,36,29
3,1,94,0,24,6,0,0,6,6,23,23,1,0,36,29
3,1,95,0,24,6,0,0,6,6,23,23,1,0,35,29
3,1,96,0,23,6,0,0,6,6,22,22,1,0,35,28
3,1,97,0,23,6,0,0,6,6,22,22,1,0,34,28
3,1,98,0,23,6,0,0,6,6,22,22,1,0,34,28
3,1,99,0,23,6,0,0,6,6,22,22,1,0,33,28
3,1,100,0,23,6,0,0,6,6,22,22,1,0,33,28
3,1,101,0,23,6,0,0,6,6,22,22,1,0,32,28
3,1,102,0,23,6,0,0,6,6,22,22,1,0,31,28
3,1,103,0,23,6,0,0,6,6,22,22,1,0,31,28
3,1,104,0,23,6,0,0,6,6,22,22,1,0,31,28
3,1,105,0,23,6,0,0,6,6,22,22,1,0,30,28
3,1,106,0,23,6,0,0,6,6,22,22,1,0,29,28
3,1,107,0,23,6,0,0,6,6,22,22,1,0,29,28
3,1,108,0,23,6,0,0,6,6,22,22,1,0,28,28
3,1,109,0,23,6,0,0,6,6,22,22,1,0,28,28
3,1,110,0,23,6,0,0,6,6,22,22,1,0,27,28
3,1,111,0,23,5,0,0,5,6,22,22,1,0,27,27
3,1,112,0,23,5,0,0,5,6,22,22,1,0,27,27
3,1,113,0,23,5,0,0,5,6,22,22,1,0,26,27
3,1,114,0,23,5,0,0,5,6,22,22,1,0,25,27
3,1,115,0,23,5,0,0,5,6,22,22,1,0,25,27
3,1,116,0,23,4,0,0,4,6,22,22,1,0,25,26
3,1,117,0,23,4,0,0,4,6,22,22,1,0,25,26
3,1,118,0,23,4,0,0,4,6,22,22,1,0,25,26
3,1,119,0,22,4,0,0,4,6,21,21,1,0,25,25
3,1,120,0,22,4,0,0,4,6,21,21,1,0,24,25
3,1,121,0,22,4,0,0,4,6,21,21,1,0,24,25
3,1,122,0,21,4,0,0,4,6,20,20,1,0,24,24
3,1,123,0,21,4,0,0,4,6,20,20,1,0,23,24
3,1,124,0,21,4,0,0,4,6,20,20,1,0,22,24
3,1,125,0,21,4,0,0,4,6,20,20,1,0,22,24
3,1,126,0,21,4,0,0,4,6,20,20,1,0,21,24
3,1,127,0,21,3,0,0,3,6,20,20,1,0,21,23
3,1,128,0,21,3,0,0,3,6,20,20,1,0,20,23
3,1,129,0,21,3,0,0,3,6,20,20,1,0,19,23
3,1,130,0,21,3,0,0,3,6,20,20,1,0,18,23
3,1,131,0,21,3,0,0,3,6,20,20,1,0,17,23
3,1,132,0,21,3,0,0,3,6,20,20,1,0,17,23
3,1,133,0,20,3,0,0,3,6,19,19,1,0,17,22
3,1,134,0,20,2,0,0,2,6,19,19,1,0,17,21
3,1,135,0,20,2,0,0,2,6,19,19,1,0,16,21
3,1,136,0,20,2,0,0,2,5,19,19,1,0,16,21
3,1,137,0,20,2,0,0,2,5,19,19,1,0,15,21
3,1,138,0,19,2,0,0,2,5,18,18,1,0,15,20
3,1,139,0,19,2,0,0,2,5,18,18,1,0,14,20
3,1,140,0,19,2,0,0,2,5,18,18,1,0,14,20
3,1,141,0,19,2,0,0,2,5,18,18,1,0,13,20
3,1,142,0,19,2,0,0,2,5,18,18,1,0,12,20
3,1,143,0,19,2,0,0,2,5,18,18,1,0,12,20
3,1,144,0,18,2,0,0,2,5,17,17,1,0,12,19
3,1,145,0,18,2,0,0,2,5,17,17,1,0,12,19
3,1,146,0,18,2,0,0,2,5,17,17,1,0,11,19
3,1,147,0,18,2,0,0,2,5,17,17,1,0,10,19
3,1,148,0,17,2,0,0,2,5,16,16,1,0,10,18
3,1,149,0,16,2,0,0,2,5,15,15,1,0,10,17
3,1,150,0,15,2,0,0,2,5,14,14,1,0,10,16
3,1,151,0,15,2,0,0,2,5,14,14,1,0,10,16
3,1,152,0,14,2,0,0,2,5,13,13,1,0,10,15
3,1,153,0,14,2,0,0,2,5,13,13,1,0,9,15
3,1,154,0,13,2,0,0,2,5,12,12,1,0,9,14
3,1,155,0,13,2,0,0,2,5,12,12,1,0,8,14
3,1,156,0,13,2,0,0,2,5,12,12,1,0,7,14
3,1,157,0,12,2,0,0,2,5,11,11,1,0,7,13
3,1,158,0,12,2,0,0,2,5,11,11,1,0,6,13
3,1,159,0,12,2,0,0,2,5,11,11,1,0,5,13
3,1,160,0,12,1,0,0,1,5,11,11,1,0,5,12
3,1,161,0,11,1,0,0,1,5,10,10,1,0,5,11
3,1,162,0,10,1,0,0,1,5,9,9,1,0,5,10
3,1,163,0,9,1,0,0,1,5,8,8,1,0,5,9
3,1,164,0,9,1,0,0,1,5,8,8,1,0,4,9
3,1,165,0,9,1,0,0,1,4,8,8,1,0,4,9
3,1,166,0,9,1,0,0,1,4,8,8,1,0,3,9
3,1,167,0,8,1,0,0,1,4,7,7,1,0,3,8
3,1,168,0,8,1,0,0,1,4,7,7,1,0,2,8
3,1,169,0,8,1,0,0,1,4,7,7,1,0,1,8
3,1,170,0,7,1,0,0,1,4,6,6,1,0,1,7
3,1,171,0,7,1,0,0,1,4,6,6,1,0,0,7
3,1,172,0,7,0,0,0,0,4,6,6,1,0,0,6
3,1,173,0,7,0,0,0,0,3,6,6,1,0,0,6
3,1,174,0,6,0,0,0,0,3,5,5,1,0,0,5
3,1,175,0,5,0,0,0,0,3,4,4,1,0,0,4
3,1,176,0,5,0,0,0,0,2,4,4,1,0,0,4
3,1,177,0,4,0,0,0,0,2,3,3,1,0,0,3
3,1,178,0,4,0,0,0,0,1,3,3,1,0,0,3
3,1,179,0,3,0,0,0,0,1,2,2,1,0,0,2
3,1,180,0,2,0,0,0,0,1,1,1,1,0,0,1
3,1,181,0,1,0,0,0,0,1,0,0,1,0,0,0
MODEL,RUN,STEP,Choice class,CompositeElement class,Entry class,Exit class,FinalState class,Pseudostate class,Region class,RegularState class,State class,Statechart class,Synchronization class,Transition class,Vertex class
4,1,0,4,22,3,0,0,7,3,21,21,1,0,68,28
4,1,1,4,22,3,0,0,7,3,21,21,1,0,68,28
4,1,2,4,22,3,0,0,7,3,21,21,1,0,68,28
4,1,3,4,22,3,0,0,7,3,21,21,1,0,68,28
4,1,4,4,22,3,0,0,7,3,21,21,1,0,68,28
4,1,5,4,22,3,0,0,7,3,21,21,1,0,68,28
4,1,6,4,22,3,0,0,7,3,21,21,1,0,68,28
4,1,7,4,22,3,0,0,7,3,21,21,1,0,68,28
4,1,8,4,22,3,0,0,7,3,21,21,1,0,68,28
4,1,9,4,22,3,0,0,7,3,21,21,1,0,67,28
4,1,10,4,22,3,0,0,7,3,21,21,1,0,67,28
4,1,11,4,22,3,0,0,7,3,21,21,1,0,67,28
4,1,12,4,22,3,0,0,7,3,21,21,1,0,66,28
4,1,13,4,22,3,0,0,7,3,21,21,1,0,66,28
4,1,14,4,22,3,0,0,7,3,21,21,1,0,66,28
4,1,15,4,22,3,0,0,7,3,21,21,1,0,65,28
4,1,16,4,22,3,0,0,7,3,21,21,1,0,65,28
4,1,17,4,22,3,0,0,7,3,21,21,1,0,65,28
4,1,18,4,22,3,0,0,7,3,21,21,1,0,65,28
4,1,19,4,22,3,0,0,7,3,21,21,1,0,65,28
4,1,20,4,22,3,0,0,7,3,21,21,1,0,65,28
4,1,21,4,22,3,0,0,7,3,21,21,1,0,65,28
4,1,22,4,22,3,0,0,7,3,21,21,1,0,65,28
4,1,23,4,22,3,0,0,7,3,21,21,1,0,64,28
4,1,24,4,22,3,0,0,7,3,21,21,1,0,64,28
4,1,25,4,22,3,0,0,7,3,21,21,1,0,64,28
4,1,26,4,22,3,0,0,7,3,21,21,1,0,64,28
4,1,27,4,22,3,0,0,7,3,21,21,1,0,63,28
4,1,28,4,22,3,0,0,7,3,21,21,1,0,63,28
4,1,29,4,22,3,0,0,7,3,21,21,1,0,63,28
4,1,30,4,22,3,0,0,7,3,21,21,1,0,63,28
4,1,31,4,22,3,0,0,7,3,21,21,1,0,63,28
4,1,32,4,22,3,0,0,7,3,21,21,1,0,62,28
4,1,33,4,22,3,0,0,7,3,21,21,1,0,62,28
4,1,34,4,22,3,0,0,7,3,21,21,1,0,61,28
4,1,35,4,22,3,0,0,7,3,21,21,1,0,60,28
4,1,36,4,22,3,0,0,7,3,21,21,1,0,60,28
4,1,37,4,22,3,0,0,7,3,21,21,1,0,59,28
4,1,38,4,22,3,0,0,7,3,21,21,1,0,58,28
4,1,39,4,22,3,0,0,7,3,21,21,1,0,57,28
4,1,40,4,22,3,0,0,7,3,21,21,1,0,57,28
4,1,41,4,22,3,0,0,7,3,21,21,1,0,56,28
4,1,42,4,22,3,0,0,7,3,21,21,1,0,56,28
4,1,43,4,22,3,0,0,7,3,21,21,1,0,55,28
4,1,44,4,22,3,0,0,7,3,21,21,1,0,54,28
4,1,45,4,22,3,0,0,7,3,21,21,1,0,54,28
4,1,46,4,22,3,0,0,7,3,21,21,1,0,54,28
4,1,47,4,22,3,0,0,7,3,21,21,1,0,54,28
4,1,48,4,22,3,0,0,7,3,21,21,1,0,54,28
4,1,49,4,22,3,0,0,7,3,21,21,1,0,54,28
4,1,50,4,22,3,0,0,7,3,21,21,1,0,53,28
4,1,51,4,22,3,0,0,7,3,21,21,1,0,52,28
4,1,52,4,22,3,0,0,7,3,21,21,1,0,52,28
4,1,53,4,22,3,0,0,7,3,21,21,1,0,52,28
4,1,54,4,22,3,0,0,7,3,21,21,1,0,52,28
4,1,55,4,22,3,0,0,7,3,21,21,1,0,51,28
4,1,56,4,22,3,0,0,7,3,21,21,1,0,51,28
4,1,57,4,22,3,0,0,7,3,21,21,1,0,51,28
4,1,58,4,22,3,0,0,7,3,21,21,1,0,50,28
4,1,59,4,22,3,0,0,7,3,21,21,1,0,49,28
4,1,60,4,22,3,0,0,7,3,21,21,1,0,48,28
4,1,61,4,22,3,0,0,7,3,21,21,1,0,48,28
4,1,62,4,22,3,0,0,7,3,21,21,1,0,47,28
4,1,63,4,22,3,0,0,7,3,21,21,1,0,47,28
4,1,64,4,22,3,0,0,7,3,21,21,1,0,47,28
4,1,65,4,22,3,0,0,7,3,21,21,1,0,46,28
4,1,66,4,22,3,0,0,7,3,21,21,1,0,45,28
4,1,67,4,22,3,0,0,7,3,21,21,1,0,44,28
4,1,68,4,22,3,0,0,7,3,21,21,1,0,44,28
4,1,69,4,22,3,0,0,7,3,21,21,1,0,43,28
4,1,70,4,22,3,0,0,7,3,21,21,1,0,43,28
4,1,71,4,22,3,0,0,7,3,21,21,1,0,43,28
4,1,72,4,22,3,0,0,7,3,21,21,1,0,42,28
4,1,73,4,22,3,0,0,7,3,21,21,1,0,42,28
4,1,74,4,22,3,0,0,7,3,21,21,1,0,42,28
4,1,75,4,22,3,0,0,7,3,21,21,1,0,42,28
4,1,76,4,22,3,0,0,7,3,21,21,1,0,42,28
4,1,77,4,22,3,0,0,7,3,21,21,1,0,41,28
4,1,78,4,22,3,0,0,7,3,21,21,1,0,40,28
4,1,79,4,22,3,0,0,7,3,21,21,1,0,39,28
4,1,80,4,22,3,0,0,7,3,21,21,1,0,38,28
4,1,81,4,22,3,0,0,7,3,21,21,1,0,37,28
4,1,82,4,22,3,0,0,7,3,21,21,1,0,37,28
4,1,83,4,21,3,0,0,7,3,20,20,1,0,37,27
4,1,84,4,21,3,0,0,7,3,20,20,1,0,37,27
4,1,85,4,21,3,0,0,7,3,20,20,1,0,37,27
4,1,86,4,21,3,0,0,7,3,20,20,1,0,36,27
4,1,87,4,21,3,0,0,7,3,20,20,1,0,35,27
4,1,88,4,21,3,0,0,7,3,20,20,1,0,34,27
4,1,89,4,21,3,0,0,7,3,20,20,1,0,34,27
4,1,90,4,21,3,0,0,7,3,20,20,1,0,33,27
4,1,91,4,21,3,0,0,7,3,20,20,1,0,32,27
4,1,92,4,21,3,0,0,7,3,20,20,1,0,32,27
4,1,93,4,21,3,0,0,7,3,20,20,1,0,32,27
4,1,94,4,21,3,0,0,7,3,20,20,1,0,31,27
4,1,95,4,21,3,0,0,7,3,20,20,1,0,30,27
4,1,96,4,21,3,0,0,7,3,20,20,1,0,29,27
4,1,97,4,21,3,0,0,7,3,20,20,1,0,29,27
4,1,98,4,21,3,0,0,7,3,20,20,1,0,29,27
4,1,99,4,21,2,0,0,6,3,20,20,1,0,29,26
4,1,100,4,21,2,0,0,6,3,20,20,1,0,28,26
4,1,101,4,21,2,0,0,6,3,20,20,1,0,28,26
4,1,102,4,21,2,0,0,6,3,20,20,1,0,27,26
4,1,103,4,21,2,0,0,6,3,20,20,1,0,26,26
4,1,104,4,21,2,0,0,6,3,20,20,1,0,25,26
4,1,105,4,21,2,0,0,6,3,20,20,1,0,25,26
4,1,106,4,21,2,0,0,6,3,20,20,1,0,24,26
4,1,107,4,21,2,0,0,6,3,20,20,1,0,23,26
4,1,108,4,21,2,0,0,6,3,20,20,1,0,23,26
4,1,109,4,21,2,0,0,6,3,20,20,1,0,22,26
4,1,110,4,20,2,0,0,6,3,19,19,1,0,22,25
4,1,111,4,20,2,0,0,6,3,19,19,1,0,21,25
4,1,112,3,20,2,0,0,5,3,19,19,1,0,21,24
4,1,113,3,20,1,0,0,4,3,19,19,1,0,21,23
4,1,114,3,20,1,0,0,4,3,19,19,1,0,21,23
4,1,115,3,20,1,0,0,4,3,19,19,1,0,20,23
4,1,116,3,20,1,0,0,4,3,19,19,1,0,20,23
4,1,117,3,20,1,0,0,4,3,19,19,1,0,19,23
4,1,118,3,20,0,0,0,3,3,19,19,1,0,19,22
4,1,119,3,20,0,0,0,3,3,19,19,1,0,18,22
4,1,120,3,20,0,0,0,3,3,19,19,1,0,18,22
4,1,121,3,19,0,0,0,3,3,18,18,1,0,18,21
4,1,122,3,19,0,0,0,3,3,18,18,1,0,17,21
4,1,123,3,19,0,0,0,3,3,18,18,1,0,16,21
4,1,124,3,18,0,0,0,3,3,17,17,1,0,16,20
4,1,125,3,18,0,0,0,3,3,17,17,1,0,15,20
4,1,126,3,18,0,0,0,3,3,17,17,1,0,14,20
4,1,127,3,18,0,0,0,3,3,17,17,1,0,13,20
4,1,128,3,17,0,0,0,3,3,16,16,1,0,13,19
4,1,129,3,17,0,0,0,3,3,16,16,1,0,12,19
4,1,130,3,17,0,0,0,3,3,16,16,1,0,11,19
4,1,131,3,16,0,0,0,3,3,15,15,1,0,11,18
4,1,132,3,16,0,0,0,3,3,15,15,1,0,11,18
4,1,133,3,16,0,0,0,3,3,15,15,1,0,10,18
4,1,134,3,15,0,0,0,3,3,14,14,1,0,10,17
4,1,135,3,15,0,0,0,3,3,14,14,1,0,9,17
4,1,136,3,14,0,0,0,3,3,13,13,1,0,9,16
4,1,137,3,14,0,0,0,3,3,13,13,1,0,8,16
4,1,138,3,14,0,0,0,3,3,13,13,1,0,7,16
4,1,139,3,14,0,0,0,3,3,13,13,1,0,6,16
4,1,140,3,13,0,0,0,3,3,12,12,1,0,6,15
4,1,141,3,12,0,0,0,3,3,11,11,1,0,6,14
4,1,142,2,12,0,0,0,2,3,11,11,1,0,6,13
4,1,143,2,11,0,0,0,2,3,10,10,1,0,6,12
4,1,144,2,11,0,0,0,2,3,10,10,1,0,6,12
4,1,145,2,10,0,0,0,2,3,9,9,1,0,6,11
4,1,146,2,10,0,0,0,2,3,9,9,1,0,6,11
4,1,147,2,10,0,0,0,2,3,9,9,1,0,6,11
4,1,148,2,10,0,0,0,2,3,9,9,1,0,5,11
4,1,149,1,10,0,0,0,1,3,9,9,1,0,5,10
4,1,150,1,10,0,0,0,1,3,9,9,1,0,4,10
4,1,151,1,10,0,0,0,1,3,9,9,1,0,3,10
4,1,152,1,9,0,0,0,1,3,8,8,1,0,3,9
4,1,153,1,8,0,0,0,1,3,7,7,1,0,3,8
4,1,154,1,7,0,0,0,1,3,6,6,1,0,3,7
4,1,155,1,7,0,0,0,1,3,6,6,1,0,2,7
4,1,156,1,6,0,0,0,1,3,5,5,1,0,2,6
4,1,157,1,5,0,0,0,1,3,4,4,1,0,2,5
4,1,158,1,4,0,0,0,1,3,3,3,1,0,2,4
4,1,159,1,4,0,0,0,1,3,3,3,1,0,1,4
4,1,160,1,3,0,0,0,1,3,2,2,1,0,1,3
4,1,161,1,3,0,0,0,1,3,2,2,1,0,0,3
4,1,162,0,3,0,0,0,0,3,2,2,1,0,0,2
4,1,163,0,3,0,0,0,0,2,2,2,1,0,0,2
4,1,164,0,2,0,0,0,0,2,1,1,1,0,0,1
4,1,165,0,2,0,0,0,0,1,1,1,1,0,0,1
4,1,166,0,1,0,0,0,0,1,0,0,1,0,0,0
MODEL,RUN,STEP,Choice class,CompositeElement class,Entry class,Exit class,FinalState class,Pseudostate class,Region class,RegularState class,State class,Statechart class,Synchronization class,Transition class,Vertex class
5,1,0,13,17,5,0,0,18,5,16,16,1,0,65,34
5,1,1,13,17,5,0,0,18,5,16,16,1,0,65,34
5,1,2,13,17,5,0,0,18,5,16,16,1,0,65,34
5,1,3,13,17,5,0,0,18,5,16,16,1,0,65,34
5,1,4,13,17,5,0,0,18,5,16,16,1,0,65,34
5,1,5,13,17,5,0,0,18,5,16,16,1,0,65,34
5,1,6,13,17,5,0,0,18,5,16,16,1,0,65,34
5,1,7,13,17,5,0,0,18,5,16,16,1,0,65,34
5,1,8,13,17,5,0,0,18,5,16,16,1,0,65,34
5,1,9,13,17,5,0,0,18,5,16,16,1,0,64,34
5,1,10,13,17,5,0,0,18,5,16,16,1,0,64,34
5,1,11,13,17,5,0,0,18,5,16,16,1,0,64,34
5,1,12,13,17,5,0,0,18,5,16,16,1,0,64,34
5,1,13,13,17,5,0,0,18,5,16,16,1,0,64,34
5,1,14,13,17,5,0,0,18,5,16,16,1,0,64,34
5,1,15,13,17,5,0,0,18,5,16,16,1,0,64,34
5,1,16,13,17,5,0,0,18,5,16,16,1,0,63,34
5,1,17,13,17,5,0,0,18,5,16,16,1,0,62,34
5,1,18,13,17,5,0,0,18,5,16,16,1,0,61,34
5,1,19,13,17,5,0,0,18,5,16,16,1,0,61,34
5,1,20,13,17,5,0,0,18,5,16,16,1,0,61,34
5,1,21,13,17,5,0,0,18,5,16,16,1,0,61,34
5,1,22,13,17,5,0,0,18,5,16,16,1,0,60,34
5,1,23,13,17,5,0,0,18,5,16,16,1,0,60,34
5,1,24,13,17,5,0,0,18,5,16,16,1,0,60,34
5,1,25,13,17,5,0,0,18,5,16,16,1,0,60,34
5,1,26,13,17,5,0,0,18,5,16,16,1,0,60,34
5,1,27,13,17,5,0,0,18,5,16,16,1,0,60,34
5,1,28,13,17,5,0,0,18,5,16,16,1,0,60,34
5,1,29,13,17,5,0,0,18,5,16,16,1,0,60,34
5,1,30,13,17,5,0,0,18,5,16,16,1,0,60,34
5,1,31,13,17,5,0,0,18,5,16,16,1,0,59,34
5,1,32,13,17,5,0,0,18,5,16,16,1,0,59,34
5,1,33,13,17,5,0,0,18,5,16,16,1,0,58,34
5,1,34,13,17,4,0,0,17,5,16,16,1,0,58,33
5,1,35,13,16,4,0,0,17,5,15,15,1,0,58,32
5,1,36,13,16,4,0,0,17,5,15,15,1,0,57,32
5,1,37,13,16,4,0,0,17,5,15,15,1,0,56,32
5,1,38,13,16,4,0,0,17,5,15,15,1,0,56,32
5,1,39,13,16,4,0,0,17,5,15,15,1,0,55,32
5,1,40,13,16,4,0,0,17,5,15,15,1,0,55,32
5,1,41,13,16,4,0,0,17,5,15,15,1,0,55,32
5,1,42,13,16,4,0,0,17,5,15,15,1,0,54,32
5,1,43,13,16,4,0,0,17,5,15,15,1,0,53,32
5,1,44,13,16,4,0,0,17,5,15,15,1,0,53,32
5,1,45,13,16,4,0,0,17,5,15,15,1,0,53,32
5,1,46,13,16,4,0,0,17,5,15,15,1,0,53,32
5,1,47,13,16,4,0,0,17,5,15,15,1,0,53,32
5,1,48,13,16,4,0,0,17,5,15,15,1,0,53,32
5,1,49,13,16,4,0,0,17,5,15,15,1,0,52,32
5,1,50,13,16,4,0,0,17,5,15,15,1,0,52,32
5,1,51,13,16,4,0,0,17,5,15,15,1,0,51,32
5,1,52,13,16,4,0,0,17,5,15,15,1,0,50,32
5,1,53,13,16,4,0,0,17,5,15,15,1,0,50,32
5,1,54,13,16,4,0,0,17,5,15,15,1,0,50,32
5,1,55,13,16,4,0,0,17,5,15,15,1,0,50,32
5,1,56,13,16,4,0,0,17,5,15,15,1,0,50,32
5,1,57,13,16,4,0,0,17,5,15,15,1,0,50,32
5,1,58,13,16,4,0,0,17,5,15,15,1,0,49,32
5,1,59,13,16,4,0,0,17,5,15,15,1,0,49,32
5,1,60,13,16,4,0,0,17,5,15,15,1,0,49,32
5,1,61,13,16,4,0,0,17,5,15,15,1,0,49,32
5,1,62,13,16,4,0,0,17,5,15,15,1,0,49,32
5,1,63,13,16,4,0,0,17,5,15,15,1,0,49,32
5,1,64,13,16,4,0,0,17,5,15,15,1,0,48,32
5,1,65,13,16,4,0,0,17,5,15,15,1,0,48,32
5,1,66,13,16,4,0,0,17,5,15,15,1,0,47,32
5,1,67,13,16,4,0,0,17,5,15,15,1,0,46,32
5,1,68,13,16,4,0,0,17,5,15,15,1,0,46,32
5,1,69,13,16,4,0,0,17,5,15,15,1,0,45,32
5,1,70,13,16,4,0,0,17,5,15,15,1,0,44,32
5,1,71,12,16,4,0,0,16,5,15,15,1,0,44,31
5,1,72,12,16,4,0,0,16,5,15,15,1,0,44,31
5,1,73,12,16,4,0,0,16,5,15,15,1,0,44,31
5,1,74,12,16,4,0,0,16,5,15,15,1,0,43,31
5,1,75,12,16,4,0,0,16,5,15,15,1,0,42,31
5,1,76,12,16,4,0,0,16,5,15,15,1,0,41,31
5,1,77,12,16,4,0,0,16,5,15,15,1,0,41,31
5,1,78,12,16,4,0,0,16,5,15,15,1,0,40,31
5,1,79,12,16,4,0,0,16,5,15,15,1,0,39,31
5,1,80,12,16,4,0,0,16,5,15,15,1,0,39,31
5,1,81,12,16,4,0,0,16,5,15,15,1,0,39,31
5,1,82,12,16,4,0,0,16,5,15,15,1,0,38,31
5,1,83,12,16,4,0,0,16,5,15,15,1,0,37,31
5,1,84,12,15,4,0,0,16,5,14,14,1,0,37,30
5,1,85,12,15,4,0,0,16,5,14,14,1,0,36,30
5,1,86,12,15,4,0,0,16,5,14,14,1,0,35,30
5,1,87,12,15,4,0,0,16,5,14,14,1,0,34,30
5,1,88,12,15,4,0,0,16,5,14,14,1,0,34,30
5,1,89,12,15,4,0,0,16,5,14,14,1,0,34,30
5,1,90,12,15,4,0,0,16,5,14,14,1,0,34,30
5,1,91,12,15,4,0,0,16,5,14,14,1,0,33,30
5,1,92,12,15,4,0,0,16,5,14,14,1,0,32,30
5,1,93,12,15,4,0,0,16,5,14,14,1,0,31,30
5,1,94,12,15,4,0,0,16,5,14,14,1,0,30,30
5,1,95,12,15,4,0,0,16,5,14,14,1,0,30,30
5,1,96,12,15,4,0,0,16,5,14,14,1,0,29,30
5,1,97,12,15,4,0,0,16,5,14,14,1,0,28,30
5,1,98,12,15,4,0,0,16,5,14,14,1,0,27,30
5,1,99,12,15,4,0,0,16,5,14,14,1,0,27,30
5,1,100,12,15,4,0,0,16,5,14,14,1,0,26,30
5,1,101,12,15,4,0,0,16,5,14,14,1,0,25,30
5,1,102,12,15,4,0,0,16,5,14,14,1,0,24,30
5,1,103,12,15,4,0,0,16,5,14,14,1,0,23,30
5,1,104,12,15,4,0,0,16,5,14,14,1,0,22,30
5,1,105,12,15,4,0,0,16,5,14,14,1,0,22,30
5,1,106,11,15,4,0,0,15,5,14,14,1,0,22,29
5,1,107,11,15,4,0,0,15,5,14,14,1,0,22,29
5,1,108,11,15,3,0,0,14,5,14,14,1,0,22,28
5,1,109,11,15,3,0,0,14,5,14,14,1,0,22,28
5,1,110,11,14,3,0,0,14,5,13,13,1,0,22,27
5,1,111,11,14,2,0,0,13,5,13,13,1,0,22,26
5,1,112,11,14,2,0,0,13,5,13,13,1,0,21,26
5,1,113,10,14,2,0,0,12,5,13,13,1,0,21,25
5,1,114,10,14,2,0,0,12,5,13,13,1,0,21,25
5,1,115,10,14,2,0,0,12,5,13,13,1,0,20,25
5,1,116,10,13,2,0,0,12,5,12,12,1,0,20,24
5,1,117,10,13,2,0,0,12,5,12,12,1,0,19,24
5,1,118,10,13,2,0,0,12,5,12,12,1,0,18,24
5,1,119,10,13,2,0,0,12,5,12,12,1,0,17,24
5,1,120,9,13,2,0,0,11,5,12,12,1,0,17,23
5,1,121,9,13,2,0,0,11,5,12,12,1,0,16,23
5,1,122,8,13,2,0,0,10,5,12,12,1,0,16,22
5,1,123,8,13,2,0,0,10,5,12,12,1,0,16,22
5,1,124,8,13,2,0,0,10,5,12,12,1,0,15,22
5,1,125,8,13,2,0,0,10,5,12,12,1,0,15,22
5,1,126,8,13,2,0,0,10,4,12,12,1,0,15,22
5,1,127,7,13,2,0,0,9,4,12,12,1,0,15,21
5,1,128,7,13,1,0,0,8,4,12,12,1,0,15,20
5,1,129,7,13,1,0,0,8,4,12,12,1,0,14,20
5,1,130,7,13,1,0,0,8,4,12,12,1,0,13,20
5,1,131,6,13,1,0,0,7,4,12,12,1,0,13,19
5,1,132,6,13,1,0,0,7,4,12,12,1,0,13,19
5,1,133,6,13,1,0,0,7,4,12,12,1,0,12,19
5,1,134,6,13,1,0,0,7,4,12,12,1,0,11,19
5,1,135,6,12,1,0,0,7,4,11,11,1,0,11,18
5,1,136,6,12,1,0,0,7,4,11,11,1,0,11,18
5,1,137,6,11,1,0,0,7,4,10,10,1,0,11,17
5,1,138,6,10,1,0,0,7,4,9,9,1,0,11,16
5,1,139,6,10,1,0,0,7,4,9,9,1,0,10,16
5,1,140,6,10,1,0,0,7,4,9,9,1,0,9,16
5,1,141,6,10,0,0,0,6,4,9,9,1,0,9,15
5,1,142,6,10,0,0,0,6,4,9,9,1,0,8,15
5,1,143,5,10,0,0,0,5,4,9,9,1,0,8,14
5,1,144,5,10,0,0,0,5,4,9,9,1,0,7,14
5,1,145,5,10,0,0,0,5,4,9,9,1,0,6,14
5,1,146,5,10,0,0,0,5,4,9,9,1,0,5,14
5,1,147,5,10,0,0,0,5,4,9,9,1,0,4,14
5,1,148,5,10,0,0,0,5,4,9,9,1,0,3,14
5,1,149,5,9,0,0,0,5,4,8,8,1,0,3,13
5,1,150,5,8,0,0,0,5,4,7,7,1,0,3,12
5,1,151,5,8,0,0,0,5,4,7,7,1,0,2,12
5,1,152,5,7,0,0,0,5,4,6,6,1,0,2,11
5,1,153,4,7,0,0,0,4,4,6,6,1,0,2,10
5,1,154,3,7,0,0,0,3,4,6,6,1,0,2,9
5,1,155,3,6,0,0,0,3,4,5,5,1,0,2,8
5,1,156,3,6,0,0,0,3,4,5,5,1,0,1,8
5,1,157,2,6,0,0,0,2,4,5,5,1,0,1,7
5,1,158,2,6,0,0,0,2,3,5,5,1,0,1,7
5,1,159,2,6,0,0,0,2,3,5,5,1,0,0,7
5,1,160,1,6,0,0,0,1,3,5,5,1,0,0,6
5,1,161,0,6,0,0,0,0,3,5,5,1,0,0,5
5,1,162,0,5,0,0,0,0,3,4,4,1,0,0,4
5,1,163,0,4,0,0,0,0,3,3,3,1,0,0,3
5,1,164,0,3,0,0,0,0,3,2,2,1,0,0,2
5,1,165,0,3,0,0,0,0,2,2,2,1,0,0,2
5,1,166,0,2,0,0,0,0,2,1,1,1,0,0,1
5,1,167,0,2,0,0,0,0,1,1,1,1,0,0,1
5,1,168,0,1,0,0,0,0,1,0,0,1,0,0,0
MODEL,RUN,STEP,Choice class,CompositeElement class,Entry class,Exit class,FinalState class,Pseudostate class,Region class,RegularState class,State class,Statechart class,Synchronization class,Transition class,Vertex class
6,1,0,2,25,6,0,0,8,6,24,24,1,0,55,32
6,1,1,2,25,6,0,0,8,6,24,24,1,0,55,32
6,1,2,2,25,6,0,0,8,6,24,24,1,0,55,32
6,1,3,2,25,6,0,0,8,6,24,24,1,0,55,32
6,1,4,2,25,6,0,0,8,6,24,24,1,0,55,32
6,1,5,2,25,6,0,0,8,6,24,24,1,0,54,32
6,1,6,2,25,6,0,0,8,6,24,24,1,0,54,32
6,1,7,2,25,6,0,0,8,6,24,24,1,0,54,32
6,1,8,2,25,6,0,0,8,6,24,24,1,0,54,32
6,1,9,2,25,6,0,0,8,6,24,24,1,0,54,32
6,1,10,2,25,6,0,0,8,6,24,24,1,0,54,32
6,1,11,2,25,6,0,0,8,6,24,24,1,0,54,32
6,1,12,2,25,6,0,0,8,6,24,24,1,0,54,32
6,1,13,2,25,6,0,0,8,6,24,24,1,0,54,32
6,1,14,2,25,6,0,0,8,6,24,24,1,0,54,32
6,1,15,2,25,6,0,0,8,6,24,24,1,0,53,32
6,1,16,2,25,6,0,0,8,6,24,24,1,0,53,32
6,1,17,2,25,6,0,0,8,6,24,24,1,0,53,32
6,1,18,2,25,6,0,0,8,6,24,24,1,0,53,32
6,1,19,2,25,6,0,0,8,6,24,24,1,0,52,32
6,1,20,2,25,6,0,0,8,6,24,24,1,0,52,32
6,1,21,2,25,6,0,0,8,6,24,24,1,0,51,32
6,1,22,2,25,6,0,0,8,6,24,24,1,0,50,32
6,1,23,2,25,6,0,0,8,6,24,24,1,0,49,32
6,1,24,2,25,6,0,0,8,6,24,24,1,0,48,32
6,1,25,2,25,6,0,0,8,6,24,24,1,0,48,32
6,1,26,2,25,6,0,0,8,6,24,24,1,0,48,32
6,1,27,2,25,6,0,0,8,6,24,24,1,0,48,32
6,1,28,2,25,6,0,0,8,6,24,24,1,0,48,32
6,1,29,2,25,6,0,0,8,6,24,24,1,0,47,32
6,1,30,2,25,6,0,0,8,6,24,24,1,0,46,32
6,1,31,2,25,6,0,0,8,6,24,24,1,0,46,32
6,1,32,2,25,6,0,0,8,6,24,24,1,0,46,32
6,1,33,2,25,6,0,0,8,6,24,24,1,0,46,32
6,1,34,2,25,5,0,0,7,6,24,24,1,0,46,31
6,1,35,2,25,5,0,0,7,6,24,24,1,0,46,31
6,1,36,2,25,5,0,0,7,6,24,24,1,0,46,31
6,1,37,2,25,5,0,0,7,6,24,24,1,0,45,31
6,1,38,2,25,5,0,0,7,6,24,24,1,0,45,31
6,1,39,2,25,5,0,0,7,6,24,24,1,0,45,31
6,1,40,2,25,5,0,0,7,6,24,24,1,0,45,31
6,1,41,2,25,5,0,0,7,6,24,24,1,0,44,31
6,1,42,2,25,5,0,0,7,6,24,24,1,0,44,31
6,1,43,2,25,5,0,0,7,6,24,24,1,0,43,31
6,1,44,2,25,5,0,0,7,6,24,24,1,0,42,31
6,1,45,2,25,5,0,0,7,6,24,24,1,0,42,31
6,1,46,2,25,5,0,0,7,6,24,24,1,0,42,31
6,1,47,2,25,5,0,0,7,6,24,24,1,0,41,31
6,1,48,2,25,5,0,0,7,6,24,24,1,0,40,31
6,1,49,2,25,5,0,0,7,6,24,24,1,0,40,31
6,1,50,2,25,5,0,0,7,6,24,24,1,0,39,31
6,1,51,2,25,5,0,0,7,6,24,24,1,0,39,31
6,1,52,2,25,5,0,0,7,6,24,24,1,0,39,31
6,1,53,2,25,5,0,0,7,6,24,24,1,0,39,31
6,1,54,2,25,5,0,0,7,6,24,24,1,0,38,31
6,1,55,2,25,5,0,0,7,6,24,24,1,0,38,31
6,1,56,2,25,5,0,0,7,6,24,24,1,0,38,31
6,1,57,2,25,5,0,0,7,6,24,24,1,0,38,31
6,1,58,2,25,5,0,0,7,6,24,24,1,0,38,31
6,1,59,2,25,5,0,0,7,6,24,24,1,0,37,31
6,1,60,2,25,5,0,0,7,6,24,24,1,0,37,31
6,1,61,2,25,5,0,0,7,6,24,24,1,0,37,31
6,1,62,2,25,5,0,0,7,6,24,24,1,0,36,31
6,1,63,2,25,5,0,0,7,6,24,24,1,0,35,31
6,1,64,2,25,5,0,0,7,6,24,24,1,0,35,31
6,1,65,2,25,5,0,0,7,6,24,24,1,0,34,31
6,1,66,2,25,5,0,0,7,6,24,24,1,0,33,31
6,1,67,2,24,5,0,0,7,6,23,23,1,0,33,30
6,1,68,2,24,5,0,0,7,6,23,23,1,0,32,30
6,1,69,2,24,5,0,0,7,6,23,23,1,0,32,30
6,1,70,2,24,5,0,0,7,6,23,23,1,0,31,30
6,1,71,2,24,5,0,0,7,6,23,23,1,0,30,30
6,1,72,2,24,5,0,0,7,6,23,23,1,0,29,30
6,1,73,2,24,5,0,0,7,6,23,23,1,0,29,30
6,1,74,2,24,5,0,0,7,6,23,23,1,0,29,30
6,1,75,2,23,5,0,0,7,6,22,22,1,0,29,29
6,1,76,2,23,5,0,0,7,6,22,22,1,0,28,29
6,1,77,2,23,5,0,0,7,6,22,22,1,0,27,29
6,1,78,2,23,5,0,0,7,6,22,22,1,0,26,29
6,1,79,2,23,5,0,0,7,6,22,22,1,0,25,29
6,1,80,2,22,5,0,0,7,6,21,21,1,0,25,28
6,1,81,2,22,5,0,0,7,6,21,21,1,0,24,28
6,1,82,2,22,4,0,0,6,6,21,21,1,0,24,27
6,1,83,2,22,4,0,0,6,6,21,21,1,0,23,27
6,1,84,2,22,4,0,0,6,6,21,21,1,0,23,27
6,1,85,2,22,4,0,0,6,6,21,21,1,0,23,27
6,1,86,2,22,4,0,0,6,6,21,21,1,0,22,27
6,1,87,2,22,4,0,0,6,6,21,21,1,0,21,27
6,1,88,2,21,4,0,0,6,6,20,20,1,0,21,26
6,1,89,2,21,4,0,0,6,6,20,20,1,0,20,26
6,1,90,2,21,4,0,0,6,6,20,20,1,0,20,26
6,1,91,2,21,4,0,0,6,6,20,20,1,0,19,26
6,1,92,2,21,4,0,0,6,6,20,20,1,0,18,26
6,1,93,2,21,3,0,0,5,6,20,20,1,0,18,25
6,1,94,2,21,3,0,0,5,6,20,20,1,0,17,25
6,1,95,2,21,3,0,0,5,6,20,20,1,0,16,25
6,1,96,2,21,3,0,0,5,6,20,20,1,0,15,25
6,1,97,2,21,3,0,0,5,6,20,20,1,0,14,25
6,1,98,2,21,3,0,0,5,6,20,20,1,0,14,25
6,1,99,2,21,3,0,0,5,6,20,20,1,0,13,25
6,1,100,2,21,3,0,0,5,6,20,20,1,0,12,25
6,1,101,2,21,3,0,0,5,6,20,20,1,0,11,25
6,1,102,2,20,3,0,0,5,6,19,19,1,0,11,24
6,1,103,2,20,3,0,0,5,6,19,19,1,0,11,24
6,1,104,2,19,3,0,0,5,6,18,18,1,0,11,23
6,1,105,2,19,3,0,0,5,6,18,18,1,0,10,23
6,1,106,2,19,3,0,0,5,6,18,18,1,0,9,23
6,1,107,2,19,3,0,0,5,6,18,18,1,0,9,23
6,1,108,2,19,3,0,0,5,6,18,18,1,0,8,23
6,1,109,2,19,3,0,0,5,6,18,18,1,0,7,23
6,1,110,2,18,3,0,0,5,6,17,17,1,0,7,22
6,1,111,2,18,3,0,0,5,6,17,17,1,0,7,22
6,1,112,2,18,3,0,0,5,6,17,17,1,0,6,22
6,1,113,2,18,3,0,0,5,6,17,17,1,0,5,22
6,1,114,2,17,3,0,0,5,6,16,16,1,0,5,21
6,1,115,2,16,3,0,0,5,6,15,15,1,0,5,20
6,1,116,2,15,3,0,0,5,6,14,14,1,0,5,19
6,1,117,2,14,3,0,0,5,6,13,13,1,0,5,18
6,1,118,2,13,3,0,0,5,6,12,12,1,0,5,17
6,1,119,2,13,3,0,0,5,5,12,12,1,0,5,17
6,1,120,2,12,3,0,0,5,5,11,11,1,0,5,16
6,1,121,2,12,3,0,0,5,5,11,11,1,0,5,16
6,1,122,1,12,3,0,0,4,5,11,11,1,0,5,15
6,1,123,1,11,3,0,0,4,5,10,10,1,0,5,14
6,1,124,1,11,3,0,0,4,5,10,10,1,0,4,14
6,1,125,1,10,3,0,0,4,5,9,9,1,0,4,13
6,1,126,1,9,3,0,0,4,5,8,8,1,0,4,12
6,1,127,1,9,3,0,0,4,5,8,8,1,0,4,12
6,1,128,1,8,3,0,0,4,5,7,7,1,0,4,11
6,1,129,1,8,3,0,0,4,5,7,7,1,0,3,11
6,1,130,1,8,2,0,0,3,5,7,7,1,0,3,10
6,1,131,1,8,2,0,0,3,5,7,7,1,0,2,10
6,1,132,1,7,2,0,0,3,5,6,6,1,0,2,9
6,1,133,1,7,1,0,0,2,5,6,6,1,0,2,8
6,1,134,1,7,1,0,0,2,5,6,6,1,0,1,8
6,1,135,0,7,1,0,0,1,5,6,6,1,0,1,7
6,1,136,0,7,1,0,0,1,5,6,6,1,0,0,7
6,1,137,0,7,1,0,0,1,4,6,6,1,0,0,7
6,1,138,0,6,1,0,0,1,4,5,5,1,0,0,6
6,1,139,0,6,0,0,0,0,4,5,5,1,0,0,5
6,1,140,0,5,0,0,0,0,4,4,4,1,0,0,4
6,1,141,0,4,0,0,0,0,4,3,3,1,0,0,3
6,1,142,0,4,0,0,0,0,3,3,3,1,0,0,3
6,1,143,0,3,0,0,0,0,3,2,2,1,0,0,2
6,1,144,0,3,0,0,0,0,2,2,2,1,0,0,2
6,1,145,0,2,0,0,0,0,2,1,1,1,0,0,1
6,1,146,0,2,0,0,0,0,1,1,1,1,0,0,1
6,1,147,0,1,0,0,0,0,1,0,0,1,0,0,0
MODEL,RUN,STEP,Choice class,CompositeElement class,Entry class,Exit class,FinalState class,Pseudostate class,Region class,RegularState class,State class,Statechart class,Synchronization class,Transition class,Vertex class
7,1,0,13,17,3,0,0,16,5,16,16,1,0,58,32
7,1,1,13,17,3,0,0,16,5,16,16,1,0,58,32
7,1,2,13,17,3,0,0,16,5,16,16,1,0,58,32
7,1,3,13,17,3,0,0,16,5,16,16,1,0,58,32
7,1,4,13,17,3,0,0,16,5,16,16,1,0,58,32
7,1,5,13,17,3,0,0,16,5,16,16,1,0,58,32
7,1,6,13,17,3,0,0,16,5,16,16,1,0,58,32
7,1,7,13,17,3,0,0,16,5,16,16,1,0,58,32
7,1,8,13,17,3,0,0,16,5,16,16,1,0,58,32
7,1,9,13,17,3,0,0,16,5,16,16,1,0,58,32
7,1,10,13,17,3,0,0,16,5,16,16,1,0,58,32
7,1,11,13,17,3,0,0,16,5,16,16,1,0,58,32
7,1,12,13,17,3,0,0,16,5,16,16,1,0,58,32
7,1,13,13,17,3,0,0,16,5,16,16,1,0,58,32
7,1,14,13,17,3,0,0,16,5,16,16,1,0,58,32
7,1,15,13,17,3,0,0,16,5,16,16,1,0,58,32
7,1,16,13,17,3,0,0,16,5,16,16,1,0,57,32
7,1,17,13,17,3,0,0,16,5,16,16,1,0,57,32
7,1,18,13,17,3,0,0,16,5,16,16,1,0,57,32
7,1,19,13,17,3,0,0,16,5,16,16,1,0,57,32
7,1,20,13,17,3,0,0,16,5,16,16,1,0,56,32
7,1,21,13,17,3,0,0,16,5,16,16,1,0,56,32
7,1,22,13,17,3,0,0,16,5,16,16,1,0,56,32
7,1,23,13,17,3,0,0,16,5,16,16,1,0,55,32
7,1,24,13,17,3,0,0,16,5,16,16,1,0,55,32
7,1,25,13,17,3,0,0,16,5,16,16,1,0,54,32
7,1,26,13,17,3,0,0,16,5,16,16,1,0,54,32
7,1,27,13,17,3,0,0,16,5,16,16,1,0,54,32
7,1,28,13,17,3,0,0,16,5,16,16,1,0,54,32
7,1,29,13,17,3,0,0,16,5,16,16,1,0,54,32
7,1,30,13,17,3,0,0,16,5,16,16,1,0,54,32
7,1,31,13,17,3,0,0,16,5,16,16,1,0,54,32
7,1,32,13,17,3,0,0,16,5,16,16,1,0,54,32
7,1,33,13,17,3,0,0,16,5,16,16,1,0,54,32
7,1,34,13,17,3,0,0,16,5,16,16,1,0,54,32
7,1,35,13,17,3,0,0,16,5,16,16,1,0,54,32
7,1,36,13,17,3,0,0,16,5,16,16,1,0,54,32
7,1,37,13,17,3,0,0,16,5,16,16,1,0,53,32
7,1,38,13,17,3,0,0,16,5,16,16,1,0,53,32
7,1,39,13,17,3,0,0,16,5,16,16,1,0,53,32
7,1,40,13,17,3,0,0,16,5,16,16,1,0,52,32
7,1,41,13,17,3,0,0,16,5,16,16,1,0,52,32
7,1,42,13,17,3,0,0,16,5,16,16,1,0,51,32
7,1,43,13,17,3,0,0,16,5,16,16,1,0,50,32
7,1,44,13,17,3,0,0,16,5,16,16,1,0,50,32
7,1,45,13,17,3,0,0,16,5,16,16,1,0,49,32
7,1,46,13,17,3,0,0,16,5,16,16,1,0,49,32
7,1,47,13,17,3,0,0,16,5,16,16,1,0,48,32
7,1,48,13,17,3,0,0,16,5,16,16,1,0,47,32
7,1,49,13,17,3,0,0,16,5,16,16,1,0,46,32
7,1,50,13,17,3,0,0,16,5,16,16,1,0,46,32
7,1,51,13,17,3,0,0,16,5,16,16,1,0,45,32
7,1,52,13,17,3,0,0,16,5,16,16,1,0,44,32
7,1,53,13,17,3,0,0,16,5,16,16,1,0,44,32
7,1,54,13,17,3,0,0,16,5,16,16,1,0,44,32
7,1,55,13,17,3,0,0,16,5,16,16,1,0,43,32
7,1,56,13,17,3,0,0,16,5,16,16,1,0,43,32
7,1,57,13,17,3,0,0,16,5,16,16,1,0,42,32
7,1,58,13,17,3,0,0,16,5,16,16,1,0,42,32
7,1,59,13,17,3,0,0,16,5,16,16,1,0,41,32
7,1,60,13,17,3,0,0,16,5,16,16,1,0,41,32
7,1,61,13,17,3,0,0,16,5,16,16,1,0,41,32
7,1,62,13,17,3,0,0,16,5,16,16,1,0,40,32
7,1,63,13,17,3,0,0,16,5,16,16,1,0,39,32
7,1,64,13,17,3,0,0,16,5,16,16,1,0,38,32
7,1,65,13,17,3,0,0,16,5,16,16,1,0,37,32
7,1,66,13,17,3,0,0,16,5,16,16,1,0,36,32
7,1,67,13,17,3,0,0,16,5,16,16,1,0,35,32
7,1,68,13,17,3,0,0,16,5,16,16,1,0,34,32
7,1,69,13,17,3,0,0,16,5,16,16,1,0,33,32
7,1,70,13,17,3,0,0,16,5,16,16,1,0,33,32
7,1,71,13,17,3,0,0,16,5,16,16,1,0,32,32
7,1,72,13,17,3,0,0,16,5,16,16,1,0,31,32
7,1,73,12,17,3,0,0,15,5,16,16,1,0,31,31
7,1,74,12,17,3,0,0,15,5,16,16,1,0,31,31
7,1,75,12,17,3,0,0,15,5,16,16,1,0,30,31
7,1,76,12,17,3,0,0,15,5,16,16,1,0,30,31
7,1,77,12,17,3,0,0,15,5,16,16,1,0,30,31
7,1,78,12,17,3,0,0,15,5,16,16,1,0,29,31
7,1,79,12,17,3,0,0,15,5,16,16,1,0,28,31
7,1,80,12,17,2,0,0,14,5,16,16,1,0,28,30
7,1,81,12,17,2,0,0,14,5,16,16,1,0,27,30
7,1,82,12,17,2,0,0,14,5,16,16,1,0,26,30
7,1,83,12,17,2,0,0,14,5,16,16,1,0,25,30
7,1,84,12,17,2,0,0,14,5,16,16,1,0,25,30
7,1,85,12,17,2,0,0,14,5,16,16,1,0,24,30
7,1,86,12,17,2,0,0,14,5,16,16,1,0,23,30
7,1,87,12,17,2,0,0,14,5,16,16,1,0,23,30
7,1,88,12,16,2,0,0,14,5,15,15,1,0,23,29
7,1,89,11,16,2,0,0,13,5,15,15,1,0,23,28
7,1,90,11,16,2,0,0,13,5,15,15,1,0,23,28
7,1,91,11,16,2,0,0,13,5,15,15,1,0,23,28
7,1,92,11,16,2,0,0,13,5,15,15,1,0,22,28
7,1,93,11,16,2,0,0,13,5,15,15,1,0,21,28
7,1,94,11,16,2,0,0,13,5,15,15,1,0,20,28
7,1,95,11,16,2,0,0,13,5,15,15,1,0,19,28
7,1,96,11,16,2,0,0,13,5,15,15,1,0,19,28
7,1,97,11,16,2,0,0,13,5,15,15,1,0,19,28
7,1,98,10,16,2,0,0,12,5,15,15,1,0,19,27
7,1,99,10,16,2,0,0,12,5,15,15,1,0,18,27
7,1,100,10,16,2,0,0,12,5,15,15,1,0,17,27
7,1,101,10,16,2,0,0,12,5,15,15,1,0,16,27
7,1,102,10,16,2,0,0,12,5,15,15,1,0,15,27
7,1,103,10,15,2,0,0,12,5,14,14,1,0,15,26
7,1,104,10,15,2,0,0,12,5,14,14,1,0,14,26
7,1,105,10,15,2,0,0,12,5,14,14,1,0,14,26
7,1,106,9,15,2,0,0,11,5,14,14,1,0,14,25
7,1,107,8,15,2,0,0,10,5,14,14,1,0,14,24
7,1,108,8,15,2,0,0,10,5,14,14,1,0,14,24
7,1,109,8,15,2,0,0,10,5,14,14,1,0,13,24
7,1,110,8,14,2,0,0,10,5,13,13,1,0,13,23
7,1,111,8,14,2,0,0,10,5,13,13,1,0,12,23
7,1,112,8,14,2,0,0,10,5,13,13,1,0,11,23
7,1,113,8,13,2,0,0,10,5,12,12,1,0,11,22
7,1,114,8,13,2,0,0,10,5,12,12,1,0,10,22
7,1,115,7,13,2,0,0,9,5,12,12,1,0,10,21
7,1,116,7,13,2,0,0,9,5,12,12,1,0,9,21
7,1,117,7,12,2,0,0,9,5,11,11,1,0,9,20
7,1,118,6,12,2,0,0,8,5,11,11,1,0,9,19
7,1,119,6,12,2,0,0,8,5,11,11,1,0,8,19
7,1,120,5,12,2,0,0,7,5,11,11,1,0,8,18
7,1,121,5,12,2,0,0,7,5,11,11,1,0,8,18
7,1,122,5,12,2,0,0,7,5,11,11,1,0,8,18
7,1,123,4,12,2,0,0,6,5,11,11,1,0,8,17
7,1,124,4,12,2,0,0,6,5,11,11,1,0,7,17
7,1,125,4,11,2,0,0,6,5,10,10,1,0,7,16
7,1,126,4,10,2,0,0,6,5,9,9,1,0,7,15
7,1,127,4,9,2,0,0,6,5,8,8,1,0,7,14
7,1,128,3,9,2,0,0,5,5,8,8,1,0,7,13
7,1,129,3,9,1,0,0,4,5,8,8,1,0,7,12
7,1,130,3,9,1,0,0,4,5,8,8,1,0,6,12
7,1,131,3,9,1,0,0,4,5,8,8,1,0,5,12
7,1,132,3,9,1,0,0,4,5,8,8,1,0,4,12
7,1,133,3,8,1,0,0,4,5,7,7,1,0,4,11
7,1,134,3,8,1,0,0,4,5,7,7,1,0,3,11
7,1,135,3,8,0,0,0,3,5,7,7,1,0,3,10
7,1,136,3,8,0,0,0,3,5,7,7,1,0,2,10
7,1,137,2,8,0,0,0,2,5,7,7,1,0,2,9
7,1,138,2,8,0,0,0,2,5,7,7,1,0,1,9
7,1,139,2,8,0,0,0,2,4,7,7,1,0,1,9
7,1,140,2,8,0,0,0,2,4,7,7,1,0,0,9
7,1,141,2,7,0,0,0,2,4,6,6,1,0,0,8
7,1,142,2,6,0,0,0,2,4,5,5,1,0,0,7
7,1,143,2,5,0,0,0,2,4,4,4,1,0,0,6
7,1,144,1,5,0,0,0,1,4,4,4,1,0,0,5
7,1,145,1,4,0,0,0,1,4,3,3,1,0,0,4
7,1,146,1,4,0,0,0,1,3,3,3,1,0,0,4
7,1,147,1,3,0,0,0,1,3,2,2,1,0,0,3
7,1,148,1,3,0,0,0,1,2,2,2,1,0,0,3
7,1,149,0,3,0,0,0,0,2,2,2,1,0,0,2
7,1,150,0,2,0,0,0,0,2,1,1,1,0,0,1
7,1,151,0,2,0,0,0,0,1,1,1,1,0,0,1
7,1,152,0,1,0,0,0,0,1,0,0,1,0,0,0
MODEL,RUN,STEP,Choice class,CompositeElement class,Entry class,Exit class,FinalState class,Pseudostate class,Region class,RegularState class,State class,Statechart class,Synchronization class,Transition class,Vertex class
8,1,0,13,11,3,0,0,16,3,10,10,1,0,64,26
8,1,1,13,11,3,0,0,16,3,10,10,1,0,64,26
8,1,2,13,11,3,0,0,16,3,10,10,1,0,64,26
8,1,3,13,11,3,0,0,16,3,10,10,1,0,64,26
8,1,4,13,11,3,0,0,16,3,10,10,1,0,64,26
8,1,5,13,11,3,0,0,16,3,10,10,1,0,63,26
8,1,6,13,11,3,0,0,16,3,10,10,1,0,63,26
8,1,7,13,11,3,0,0,16,3,10,10,1,0,63,26
8,1,8,13,11,3,0,0,16,3,10,10,1,0,63,26
8,1,9,13,11,3,0,0,16,3,10,10,1,0,63,26
8,1,10,13,11,3,0,0,16,3,10,10,1,0,63,26
8,1,11,13,11,3,0,0,16,3,10,10,1,0,63,26
8,1,12,13,11,3,0,0,16,3,10,10,1,0,63,26
8,1,13,13,11,3,0,0,16,3,10,10,1,0,63,26
8,1,14,13,11,3,0,0,16,3,10,10,1,0,63,26
8,1,15,13,11,3,0,0,16,3,10,10,1,0,63,26
8,1,16,13,11,3,0,0,16,3,10,10,1,0,62,26
8,1,17,13,11,3,0,0,16,3,10,10,1,0,61,26
8,1,18,13,11,3,0,0,16,3,10,10,1,0,60,26
8,1,19,13,11,3,0,0,16,3,10,10,1,0,60,26
8,1,20,13,11,3,0,0,16,3,10,10,1,0,60,26
8,1,21,13,11,3,0,0,16,3,10,10,1,0,60,26
8,1,22,13,11,3,0,0,16,3,10,10,1,0,60,26
8,1,23,13,11,3,0,0,16,3,10,10,1,0,60,26
8,1,24,13,11,3,0,0,16,3,10,10,1,0,60,26
8,1,25,13,11,3,0,0,16,3,10,10,1,0,60,26
8,1,26,13,11,3,0,0,16,3,10,10,1,0,60,26
8,1,27,13,11,3,0,0,16,3,10,10,1,0,59,26
8,1,28,13,11,3,0,0,16,3,10,10,1,0,59,26
8,1,29,13,11,3,0,0,16,3,10,10,1,0,59,26
8,1,30,13,11,3,0,0,16,3,10,10,1,0,58,26
8,1,31,13,11,3,0,0,16,3,10,10,1,0,58,26
8,1,32,13,11,3,0,0,16,3,10,10,1,0,58,26
8,1,33,13,11,3,0,0,16,3,10,10,1,0,58,26
8,1,34,13,11,3,0,0,16,3,10,10,1,0,57,26
8,1,35,13,11,3,0,0,16,3,10,10,1,0,56,26
8,1,36,13,11,3,0,0,16,3,10,10,1,0,56,26
8,1,37,13,11,3,0,0,16,3,10,10,1,0,56,26
8,1,38,13,11,3,0,0,16,3,10,10,1,0,55,26
8,1,39,13,11,3,0,0,16,3,10,10,1,0,55,26
8,1,40,13,11,3,0,0,16,3,10,10,1,0,55,26
8,1,41,13,11,3,0,0,16,3,10,10,1,0,54,26
8,1,42,13,11,3,0,0,16,3,10,10,1,0,53,26
8,1,43,13,11,3,0,0,16,3,10,10,1,0,52,26
8,1,44,13,11,3,0,0,16,3,10,10,1,0,51,26
8,1,45,13,11,3,0,0,16,3,10,10,1,0,50,26
8,1,46,13,11,3,0,0,16,3,10,10,1,0,50,26
8,1,47,13,11,3,0,0,16,3,10,10,1,0,50,26
8,1,48,13,11,3,0,0,16,3,10,10,1,0,50,26
8,1,49,13,11,3,0,0,16,3,10,10,1,0,50,26
8,1,50,13,11,3,0,0,16,3,10,10,1,0,50,26
8,1,51,13,11,3,0,0,16,3,10,10,1,0,50,26
8,1,52,13,11,3,0,0,16,3,10,10,1,0,50,26
8,1,53,13,11,3,0,0,16,3,10,10,1,0,49,26
8,1,54,13,11,3,0,0,16,3,10,10,1,0,49,26
8,1,55,13,11,3,0,0,16,3,10,10,1,0,48,26
8,1,56,13,11,3,0,0,16,3,10,10,1,0,48,26
8,1,57,13,11,3,0,0,16,3,10,10,1,0,47,26
8,1,58,13,11,3,0,0,16,3,10,10,1,0,46,26
8,1,59,13,11,3,0,0,16,3,10,10,1,0,45,26
8,1,60,13,11,3,0,0,16,3,10,10,1,0,44,26
8,1,61,13,11,3,0,0,16,3,10,10,1,0,44,26
8,1,62,13,11,3,0,0,16,3,10,10,1,0,44,26
8,1,63,13,11,3,0,0,16,3,10,10,1,0,44,26
8,1,64,13,11,3,0,0,16,3,10,10,1,0,43,26
8,1,65,13,11,3,0,0,16,3,10,10,1,0,43,26
8,1,66,13,11,3,0,0,16,3,10,10,1,0,43,26
8,1,67,13,11,3,0,0,16,3,10,10,1,0,43,26
8,1,68,13,11,3,0,0,16,3,10,10,1,0,43,26
8,1,69,13,11,3,0,0,16,3,10,10,1,0,43,26
8,1,70,13,11,3,0,0,16,3,10,10,1,0,42,26
8,1,71,13,11,3,0,0,16,3,10,10,1,0,41,26
8,1,72,13,11,3,0,0,16,3,10,10,1,0,40,26
8,1,73,13,11,3,0,0,16,3,10,10,1,0,40,26
8,1,74,13,11,3,0,0,16,3,10,10,1,0,39,26
8,1,75,13,11,3,0,0,16,3,10,10,1,0,39,26
8,1,76,13,11,3,0,0,16,3,10,10,1,0,38,26
8,1,77,13,11,3,0,0,16,3,10,10,1,0,37,26
8,1,78,13,11,3,0,0,16,3,10,10,1,0,36,26
8,1,79,13,11,3,0,0,16,3,10,10,1,0,35,26
8,1,80,13,11,3,0,0,16,3,10,10,1,0,34,26
8,1,81,13,11,3,0,0,16,3,10,10,1,0,34,26
8,1,82,13,11,3,0,0,16,3,10,10,1,0,34,26
8,1,83,13,11,3,0,0,16,3,10,10,1,0,34,26
8,1,84,13,11,3,0,0,16,3,10,10,1,0,33,26
8,1,85,13,11,3,0,0,16,3,10,10,1,0,32,26
8,1,86,13,11,3,0,0,16,3,10,10,1,0,32,26
8,1,87,13,11,3,0,0,16,3,10,10,1,0,32,26
8,1,88,13,11,3,0,0,16,3,10,10,1,0,31,26
8,1,89,13,11,3,0,0,16,3,10,10,1,0,30,26
8,1,90,13,11,3,0,0,16,3,10,10,1,0,29,26
8,1,91,13,11,3,0,0,16,3,10,10,1,0,28,26
8,1,92,13,11,3,0,0,16,3,10,10,1,0,28,26
8,1,93,13,11,3,0,0,16,3,10,10,1,0,28,26
8,1,94,13,11,3,0,0,16,3,10,10,1,0,27,26
8,1,95,13,11,3,0,0,16,3,10,10,1,0,26,26
8,1,96,13,11,3,0,0,16,3,10,10,1,0,25,26
8,1,97,13,11,3,0,0,16,3,10,10,1,0,24,26
8,1,98,13,11,3,0,0,16,3,10,10,1,0,23,26
8,1,99,12,11,3,0,0,15,3,10,10,1,0,23,25
8,1,100,12,11,3,0,0,15,3,10,10,1,0,22,25
8,1,101,12,11,3,0,0,15,3,10,10,1,0,21,25
8,1,102,12,11,3,0,0,15,3,10,10,1,0,20,25
8,1,103,12,11,3,0,0,15,3,10,10,1,0,19,25
8,1,104,12,11,3,0,0,15,3,10,10,1,0,19,25
8,1,105,12,10,3,0,0,15,3,9,9,1,0,19,24
8,1,106,12,10,3,0,0,15,3,9,9,1,0,18,24
8,1,107,12,10,3,0,0,15,3,9,9,1,0,17,24
8,1,108,12,10,2,0,0,14,3,9,9,1,0,17,23
8,1,109,12,10,2,0,0,14,3,9,9,1,0,16,23
8,1,110,11,10,2,0,0,13,3,9,9,1,0,16,22
8,1,111,11,10,2,0,0,13,3,9,9,1,0,16,22
8,1,112,10,10,2,0,0,12,3,9,9,1,0,16,21
8,1,113,10,10,1,0,0,11,3,9,9,1,0,16,20
8,1,114,10,10,1,0,0,11,3,9,9,1,0,16,20
8,1,115,10,10,1,0,0,11,3,9,9,1,0,16,20
8,1,116,10,10,1,0,0,11,3,9,9,1,0,15,20
8,1,117,9,10,1,0,0,10,3,9,9,1,0,15,19
8,1,118,9,10,1,0,0,10,3,9,9,1,0,14,19
8,1,119,9,10,1,0,0,10,3,9,9,1,0,13,19
8,1,120,9,10,1,0,0,10,3,9,9,1,0,12,19
8,1,121,9,10,1,0,0,10,3,9,9,1,0,11,19
8,1,122,8,10,1,0,0,9,3,9,9,1,0,11,18
8,1,123,7,10,1,0,0,8,3,9,9,1,0,11,17
8,1,124,7,10,1,0,0,8,3,9,9,1,0,11,17
8,1,125,7,10,1,0,0,8,3,9,9,1,0,10,17
8,1,126,7,10,1,0,0,8,3,9,9,1,0,10,17
8,1,127,6,10,1,0,0,7,3,9,9,1,0,10,16
8,1,128,6,10,1,0,0,7,3,9,9,1,0,9,16
8,1,129,6,10,1,0,0,7,3,9,9,1,0,8,16
8,1,130,6,10,1,0,0,7,3,9,9,1,0,7,16
8,1,131,6,10,1,0,0,7,3,9,9,1,0,6,16
8,1,132,5,10,1,0,0,6,3,9,9,1,0,6,15
8,1,133,5,9,1,0,0,6,3,8,8,1,0,6,14
8,1,134,5,9,1,0,0,6,3,8,8,1,0,5,14
8,1,135,5,9,1,0,0,6,3,8,8,1,0,4,14
8,1,136,5,9,1,0,0,6,3,8,8,1,0,3,14
8,1,137,5,9,1,0,0,6,3,8,8,1,0,2,14
8,1,138,5,8,1,0,0,6,3,7,7,1,0,2,13
8,1,139,4,8,1,0,0,5,3,7,7,1,0,2,12
8,1,140,4,8,1,0,0,5,3,7,7,1,0,1,12
8,1,141,4,7,1,0,0,5,3,6,6,1,0,1,11
8,1,142,3,7,1,0,0,4,3,6,6,1,0,1,10
8,1,143,3,7,1,0,0,4,3,6,6,1,0,1,10
8,1,144,2,7,1,0,0,3,3,6,6,1,0,1,9
8,1,145,2,6,1,0,0,3,3,5,5,1,0,1,8
8,1,146,2,6,1,0,0,3,3,5,5,1,0,0,8
8,1,147,2,5,1,0,0,3,3,4,4,1,0,0,7
8,1,148,2,5,1,0,0,3,2,4,4,1,0,0,7
8,1,149,1,5,1,0,0,2,2,4,4,1,0,0,6
8,1,150,1,5,0,0,0,1,2,4,4,1,0,0,5
8,1,151,1,4,0,0,0,1,2,3,3,1,0,0,4
8,1,152,0,4,0,0,0,0,2,3,3,1,0,0,3
8,1,153,0,3,0,0,0,0,2,2,2,1,0,0,2
8,1,154,0,3,0,0,0,0,1,2,2,1,0,0,2
8,1,155,0,2,0,0,0,0,1,1,1,1,0,0,1
8,1,156,0,1,0,0,0,0,1,0,0,1,0,0,0
MODEL,RUN,STEP,Choice class,CompositeElement class,Entry class,Exit class,FinalState class,Pseudostate class,Region class,RegularState class,State class,Statechart class,Synchronization class,Transition class,Vertex class
9,1,0,16,17,1,0,0,17,1,16,16,1,0,68,33
9,1,1,16,17,1,0,0,17,1,16,16,1,0,68,33
9,1,2,16,17,1,0,0,17,1,16,16,1,0,68,33
9,1,3,16,17,1,0,0,17,1,16,16,1,0,68,33
9,1,4,16,17,1,0,0,17,1,16,16,1,0,68,33
9,1,5,16,17,1,0,0,17,1,16,16,1,0,67,33
9,1,6,16,17,1,0,0,17,1,16,16,1,0,67,33
9,1,7,16,17,1,0,0,17,1,16,16,1,0,67,33
9,1,8,16,17,1,0,0,17,1,16,16,1,0,67,33
9,1,9,16,17,1,0,0,17,1,16,16,1,0,67,33
9,1,10,16,17,1,0,0,17,1,16,16,1,0,67,33
9,1,11,16,17,1,0,0,17,1,16,16,1,0,66,33
9,1,12,16,17,1,0,0,17,1,16,16,1,0,65,33
9,1,13,16,17,1,0,0,17,1,16,16,1,0,65,33
9,1,14,16,17,1,0,0,17,1,16,16,1,0,65,33
9,1,15,16,17,1,0,0,17,1,16,16,1,0,64,33
9,1,16,16,17,1,0,0,17,1,16,16,1,0,64,33
9,1,17,16,17,1,0,0,17,1,16,16,1,0,64,33
9,1,18,16,17,1,0,0,17,1,16,16,1,0,64,33
9,1,19,16,17,1,0,0,17,1,16,16,1,0,64,33
9,1,20,16,17,1,0,0,17,1,16,16,1,0,64,33
9,1,21,16,17,1,0,0,17,1,16,16,1,0,64,33
9,1,22,16,17,1,0,0,17,1,16,16,1,0,64,33
9,1,23,16,17,1,0,0,17,1,16,16,1,0,64,33
9,1,24,16,17,1,0,0,17,1,16,16,1,0,64,33
9,1,25,16,17,1,0,0,17,1,16,16,1,0,64,33
9,1,26,16,17,1,0,0,17,1,16,16,1,0,64,33
9,1,27,16,17,1,0,0,17,1,16,16,1,0,63,33
9,1,28,16,17,1,0,0,17,1,16,16,1,0,63,33
9,1,29,16,17,1,0,0,17,1,16,16,1,0,63,33
9,1,30,16,17,1,0,0,17,1,16,16,1,0,63,33
9,1,31,16,17,1,0,0,17,1,16,16,1,0,63,33
9,1,32,16,17,1,0,0,17,1,16,16,1,0,63,33
9,1,33,16,17,1,0,0,17,1,16,16,1,0,63,33
9,1,34,16,17,1,0,0,17,1,16,16,1,0,62,33
9,1,35,16,17,1,0,0,17,1,16,16,1,0,62,33
9,1,36,16,17,1,0,0,17,1,16,16,1,0,62,33
9,1,37,16,17,1,0,0,17,1,16,16,1,0,61,33
9,1,38,16,17,1,0,0,17,1,16,16,1,0,61,33
9,1,39,16,17,1,0,0,17,1,16,16,1,0,61,33
9,1,40,16,17,1,0,0,17,1,16,16,1,0,61,33
9,1,41,16,17,1,0,0,17,1,16,16,1,0,61,33
9,1,42,16,17,1,0,0,17,1,16,16,1,0,61,33
9,1,43,16,17,1,0,0,17,1,16,16,1,0,61,33
9,1,44,16,17,1,0,0,17,1,16,16,1,0,60,33
9,1,45,16,17,1,0,0,17,1,16,16,1,0,60,33
9,1,46,16,17,1,0,0,17,1,16,16,1,0,60,33
9,1,47,16,17,1,0,0,17,1,16,16,1,0,59,33
9,1,48,16,17,1,0,0,17,1,16,16,1,0,59,33
9,1,49,16,17,1,0,0,17,1,16,16,1,0,58,33
9,1,50,16,17,1,0,0,17,1,16,16,1,0,57,33
9,1,51,16,17,1,0,0,17,1,16,16,1,0,57,33
9,1,52,16,17,1,0,0,17,1,16,16,1,0,57,33
9,1,53,16,17,1,0,0,17,1,16,16,1,0,57,33
9,1,54,16,17,1,0,0,17,1,16,16,1,0,56,33
9,1,55,16,17,1,0,0,17,1,16,16,1,0,56,33
9,1,56,16,17,1,0,0,17,1,16,16,1,0,56,33
9,1,57,16,17,1,0,0,17,1,16,16,1,0,56,33
9,1,58,16,17,1,0,0,17,1,16,16,1,0,55,33
9,1,59,16,17,1,0,0,17,1,16,16,1,0,54,33
9,1,60,16,17,1,0,0,17,1,16,16,1,0,53,33
9,1,61,16,17,1,0,0,17,1,16,16,1,0,53,33
9,1,62,16,17,1,0,0,17,1,16,16,1,0,53,33
9,1,63,16,17,1,0,0,17,1,16,16,1,0,53,33
9,1,64,16,17,1,0,0,17,1,16,16,1,0,52,33
9,1,65,16,17,1,0,0,17,1,16,16,1,0,51,33
9,1,66,16,17,1,0,0,17,1,16,16,1,0,51,33
9,1,67,16,17,1,0,0,17,1,16,16,1,0,50,33
9,1,68,16,17,1,0,0,17,1,16,16,1,0,50,33
9,1,69,16,17,1,0,0,17,1,16,16,1,0,49,33
9,1,70,16,17,1,0,0,17,1,16,16,1,0,48,33
9,1,71,16,17,1,0,0,17,1,16,16,1,0,47,33
9,1,72,16,17,1,0,0,17,1,16,16,1,0,46,33
9,1,73,16,17,1,0,0,17,1,16,16,1,0,46,33
9,1,74,16,17,1,0,0,17,1,16,16,1,0,46,33
9,1,75,16,17,1,0,0,17,1,16,16,1,0,45,33
9,1,76,16,17,1,0,0,17,1,16,16,1,0,44,33
9,1,77,16,17,1,0,0,17,1,16,16,1,0,44,33
9,1,78,16,17,1,0,0,17,1,16,16,1,0,43,33
9,1,79,16,17,1,0,0,17,1,16,16,1,0,42,33
9,1,80,16,17,1,0,0,17,1,16,16,1,0,42,33
9,1,81,16,17,1,0,0,17,1,16,16,1,0,41,33
9,1,82,16,17,1,0,0,17,1,16,16,1,0,40,33
9,1,83,16,17,1,0,0,17,1,16,16,1,0,39,33
9,1,84,16,16,1,0,0,17,1,15,15,1,0,39,32
9,1,85,16,16,1,0,0,17,1,15,15,1,0,38,32
9,1,86,16,16,1,0,0,17,1,15,15,1,0,38,32
9,1,87,16,16,1,0,0,17,1,15,15,1,0,38,32
9,1,88,16,16,1,0,0,17,1,15,15,1,0,37,32
9,1,89,16,16,1,0,0,17,1,15,15,1,0,36,32
9,1,90,16,16,1,0,0,17,1,15,15,1,0,35,32
9,1,91,16,16,1,0,0,17,1,15,15,1,0,34,32
9,1,92,16,16,1,0,0,17,1,15,15,1,0,33,32
9,1,93,16,16,1,0,0,17,1,15,15,1,0,32,32
9,1,94,16,15,1,0,0,17,1,14,14,1,0,32,31
9,1,95,16,15,1,0,0,17,1,14,14,1,0,31,31
9,1,96,16,15,1,0,0,17,1,14,14,1,0,30,31
9,1,97,16,15,1,0,0,17,1,14,14,1,0,29,31
9,1,98,16,15,1,0,0,17,1,14,14,1,0,29,31
9,1,99,16,15,1,0,0,17,1,14,14,1,0,29,31
9,1,100,16,14,1,0,0,17,1,13,13,1,0,29,30
9,1,101,16,14,1,0,0,17,1,13,13,1,0,29,30
9,1,102,16,14,1,0,0,17,1,13,13,1,0,29,30
9,1,103,16,13,1,0,0,17,1,12,12,1,0,29,29
9,1,104,16,12,1,0,0,17,1,11,11,1,0,29,28
9,1,105,16,12,1,0,0,17,1,11,11,1,0,28,28
9,1,106,16,12,1,0,0,17,1,11,11,1,0,27,28
9,1,107,16,12,1,0,0,17,1,11,11,1,0,26,28
9,1,108,16,12,1,0,0,17,1,11,11,1,0,25,28
9,1,109,16,12,1,0,0,17,1,11,11,1,0,24,28
9,1,110,16,12,1,0,0,17,1,11,11,1,0,23,28
9,1,111,16,11,1,0,0,17,1,10,10,1,0,23,27
9,1,112,16,10,1,0,0,17,1,9,9,1,0,23,26
9,1,113,16,10,1,0,0,17,1,9,9,1,0,22,26
9,1,114,16,10,1,0,0,17,1,9,9,1,0,21,26
9,1,115,15,10,1,0,0,16,1,9,9,1,0,21,25
9,1,116,15,10,1,0,0,16,1,9,9,1,0,20,25
9,1,117,15,10,1,0,0,16,1,9,9,1,0,19,25
9,1,118,14,10,1,0,0,15,1,9,9,1,0,19,24
9,1,119,14,10,1,0,0,15,1,9,9,1,0,19,24
9,1,120,14,9,1,0,0,15,1,8,8,1,0,19,23
9,1,121,14,9,1,0,0,15,1,8,8,1,0,19,23
9,1,122,14,9,1,0,0,15,1,8,8,1,0,19,23
9,1,123,13,9,1,0,0,14,1,8,8,1,0,19,22
9,1,124,12,9,1,0,0,13,1,8,8,1,0,19,21
9,1,125,12,8,1,0,0,13,1,7,7,1,0,19,20
9,1,126,12,8,1,0,0,13,1,7,7,1,0,18,20
9,1,127,12,8,1,0,0,13,1,7,7,1,0,17,20
9,1,128,12,8,1,0,0,13,1,7,7,1,0,16,20
9,1,129,12,8,1,0,0,13,1,7,7,1,0,16,20
9,1,130,12,8,1,0,0,13,1,7,7,1,0,16,20
9,1,131,12,8,1,0,0,13,1,7,7,1,0,15,20
9,1,132,12,8,0,0,0,12,1,7,7,1,0,15,19
9,1,133,12,8,0,0,0,12,1,7,7,1,0,15,19
9,1,134,11,8,0,0,0,11,1,7,7,1,0,15,18
9,1,135,10,8,0,0,0,10,1,7,7,1,0,15,17
9,1,136,9,8,0,0,0,9,1,7,7,1,0,15,16
9,1,137,9,8,0,0,0,9,1,7,7,1,0,15,16
9,1,138,9,7,0,0,0,9,1,6,6,1,0,15,15
9,1,139,9,7,0,0,0,9,1,6,6,1,0,14,15
9,1,140,9,7,0,0,0,9,1,6,6,1,0,13,15
9,1,141,9,7,0,0,0,9,1,6,6,1,0,12,15
9,1,142,9,7,0,0,0,9,1,6,6,1,0,11,15
9,1,143,9,7,0,0,0,9,1,6,6,1,0,11,15
9,1,144,9,7,0,0,0,9,1,6,6,1,0,10,15
9,1,145,8,7,0,0,0,8,1,6,6,1,0,10,14
9,1,146,8,6,0,0,0,8,1,5,5,1,0,10,13
9,1,147,7,6,0,0,0,7,1,5,5,1,0,10,12
9,1,148,7,6,0,0,0,7,1,5,5,1,0,9,12
9,1,149,7,5,0,0,0,7,1,4,4,1,0,9,11
9,1,150,7,5,0,0,0,7,1,4,4,1,0,8,11
9,1,151,7,5,0,0,0,7,1,4,4,1,0,7,11
9,1,152,6,5,0,0,0,6,1,4,4,1,0,7,10
9,1,153,6,5,0,0,0,6,1,4,4,1,0,6,10
9,1,154,6,5,0,0,0,6,1,4,4,1,0,5,10
9,1,155,6,5,0,0,0,6,1,4,4,1,0,4,10
9,1,156,6,4,0,0,0,6,1,3,3,1,0,4,9
9,1,157,6,4,0,0,0,6,1,3,3,1,0,3,9
9,1,158,5,4,0,0,0,5,1,3,3,1,0,3,8
9,1,159,4,4,0,0,0,4,1,3,3,1,0,3,7
9,1,160,3,4,0,0,0,3,1,3,3,1,0,3,6
9,1,161,3,3,0,0,0,3,1,2,2,1,0,3,5
9,1,162,3,3,0,0,0,3,1,2,2,1,0,2,5
9,1,163,3,2,0,0,0,3,1,1,1,1,0,2,4
9,1,164,3,2,0,0,0,3,1,1,1,1,0,1,4
9,1,165,2,2,0,0,0,2,1,1,1,1,0,1,3
9,1,166,1,2,0,0,0,1,1,1,1,1,0,1,2
9,1,167,1,1,0,0,0,1,1,0,0,1,0,1,1
9,1,168,1,1,0,0,0,1,1,0,0,1,0,0,1
9,1,169,0,1,0,0,0,0,1,0,0,1,0,0,0
MODEL,RUN,STEP,Choice class,CompositeElement class,Entry class,Exit class,FinalState class,Pseudostate class,Region class,RegularState class,State class,Statechart class,Synchronization class,Transition class,Vertex class
10,1,0,1,28,13,0,0,14,13,27,27,1,0,46,41
10,1,1,1,28,13,0,0,14,13,27,27,1,0,46,41
10,1,2,1,28,13,0,0,14,13,27,27,1,0,45,41
10,1,3,1,28,13,0,0,14,13,27,27,1,0,45,41
10,1,4,1,28,13,0,0,14,13,27,27,1,0,45,41
10,1,5,1,28,13,0,0,14,13,27,27,1,0,45,41
10,1,6,1,28,13,0,0,14,13,27,27,1,0,45,41
10,1,7,1,28,13,0,0,14,13,27,27,1,0,44,41
10,1,8,1,28,13,0,0,14,13,27,27,1,0,44,41
10,1,9,1,28,13,0,0,14,13,27,27,1,0,44,41
10,1,10,1,28,13,0,0,14,13,27,27,1,0,44,41
10,1,11,1,28,13,0,0,14,13,27,27,1,0,44,41
10,1,12,1,28,13,0,0,14,13,27,27,1,0,44,41
10,1,13,1,28,12,0,0,13,13,27,27,1,0,44,40
10,1,14,1,28,12,0,0,13,13,27,27,1,0,44,40
10,1,15,1,28,12,0,0,13,13,27,27,1,0,44,40
10,1,16,1,28,12,0,0,13,13,27,27,1,0,44,40
10,1,17,1,28,12,0,0,13,13,27,27,1,0,44,40
10,1,18,1,28,12,0,0,13,13,27,27,1,0,44,40
10,1,19,1,28,12,0,0,13,13,27,27,1,0,44,40
10,1,20,1,28,12,0,0,13,13,27,27,1,0,44,40
10,1,21,1,28,12,0,0,13,13,27,27,1,0,44,40
10,1,22,1,28,12,0,0,13,13,27,27,1,0,44,40
10,1,23,1,28,12,0,0,13,13,27,27,1,0,43,40
10,1,24,1,28,12,0,0,13,13,27,27,1,0,43,40
10,1,25,1,28,12,0,0,13,13,27,27,1,0,43,40
10,1,26,1,27,12,0,0,13,13,26,26,1,0,43,39
10,1,27,1,27,12,0,0,13,13,26,26,1,0,42,39
10,1,28,1,27,12,0,0,13,13,26,26,1,0,41,39
10,1,29,1,27,12,0,0,13,13,26,26,1,0,41,39
10,1,30,1,27,12,0,0,13,13,26,26,1,0,41,39
10,1,31,1,27,12,0,0,13,13,26,26,1,0,41,39
10,1,32,1,27,12,0,0,13,13,26,26,1,0,41,39
10,1,33,1,27,12,0,0,13,13,26,26,1,0,40,39
10,1,34,1,27,12,0,0,13,13,26,26,1,0,39,39
10,1,35,1,27,12,0,0,13,13,26,26,1,0,38,39
10,1,36,1,27,12,0,0,13,13,26,26,1,0,38,39
10,1,37,1,27,12,0,0,13,13,26,26,1,0,37,39
10,1,38,1,27,12,0,0,13,13,26,26,1,0,37,39
10,1,39,1,27,12,0,0,13,13,26,26,1,0,37,39
10,1,40,1,27,12,0,0,13,13,26,26,1,0,36,39
10,1,41,1,27,12,0,0,13,13,26,26,1,0,35,39
10,1,42,1,27,12,0,0,13,13,26,26,1,0,34,39
10,1,43,1,27,12,0,0,13,13,26,26,1,0,33,39
10,1,44,1,27,12,0,0,13,13,26,26,1,0,32,39
10,1,45,1,27,12,0,0,13,13,26,26,1,0,31,39
10,1,46,1,27,12,0,0,13,13,26,26,1,0,31,39
10,1,47,1,27,12,0,0,13,13,26,26,1,0,31,39
10,1,48,1,27,12,0,0,13,13,26,26,1,0,31,39
10,1,49,1,27,12,0,0,13,13,26,26,1,0,31,39
10,1,50,1,27,12,0,0,13,13,26,26,1,0,30,39
10,1,51,1,27,12,0,0,13,13,26,26,1,0,29,39
10,1,52,1,27,12,0,0,13,13,26,26,1,0,28,39
10,1,53,1,27,11,0,0,12,13,26,26,1,0,28,38
10,1,54,1,27,11,0,0,12,13,26,26,1,0,28,38
10,1,55,1,27,11,0,0,12,13,26,26,1,0,28,38
10,1,56,1,26,11,0,0,12,13,25,25,1,0,28,37
10,1,57,1,26,11,0,0,12,13,25,25,1,0,28,37
10,1,58,1,26,11,0,0,12,13,25,25,1,0,28,37
10,1,59,1,26,11,0,0,12,13,25,25,1,0,28,37
10,1,60,1,26,11,0,0,12,13,25,25,1,0,28,37
10,1,61,1,26,11,0,0,12,13,25,25,1,0,28,37
10,1,62,1,26,11,0,0,12,13,25,25,1,0,27,37
10,1,63,1,26,11,0,0,12,13,25,25,1,0,26,37
10,1,64,1,26,11,0,0,12,13,25,25,1,0,25,37
10,1,65,1,26,11,0,0,12,13,25,25,1,0,25,37
10,1,66,1,26,11,0,0,12,13,25,25,1,0,24,37
10,1,67,1,26,11,0,0,12,13,25,25,1,0,23,37
10,1,68,1,26,11,0,0,12,13,25,25,1,0,22,37
10,1,69,1,26,10,0,0,11,13,25,25,1,0,22,36
10,1,70,1,26,10,0,0,11,13,25,25,1,0,22,36
10,1,71,1,26,10,0,0,11,13,25,25,1,0,22,36
10,1,72,1,26,10,0,0,11,13,25,25,1,0,21,36
10,1,73,1,26,10,0,0,11,13,25,25,1,0,20,36
10,1,74,1,25,10,0,0,11,13,24,24,1,0,20,35
10,1,75,1,25,10,0,0,11,13,24,24,1,0,20,35
10,1,76,1,25,10,0,0,11,13,24,24,1,0,19,35
10,1,77,1,24,10,0,0,11,13,23,23,1,0,19,34
10,1,78,1,24,10,0,0,11,13,23,23,1,0,18,34
10,1,79,1,24,10,0,0,11,13,23,23,1,0,18,34
10,1,80,1,23,10,0,0,11,13,22,22,1,0,18,33
10,1,81,1,23,10,0,0,11,13,22,22,1,0,17,33
10,1,82,1,23,10,0,0,11,13,22,22,1,0,16,33
10,1,83,1,23,10,0,0,11,13,22,22,1,0,15,33
10,1,84,1,23,10,0,0,11,13,22,22,1,0,14,33
10,1,85,1,23,10,0,0,11,13,22,22,1,0,13,33
10,1,86,1,23,10,0,0,11,13,22,22,1,0,12,33
10,1,87,1,22,10,0,0,11,13,21,21,1,0,12,32
10,1,88,1,22,10,0,0,11,13,21,21,1,0,11,32
10,1,89,1,21,10,0,0,11,13,20,20,1,0,11,31
10,1,90,1,20,10,0,0,11,13,19,19,1,0,11,30
10,1,91,1,20,10,0,0,11,13,19,19,1,0,10,30
10,1,92,1,20,10,0,0,11,13,19,19,1,0,10,30
10,1,93,1,20,9,0,0,10,13,19,19,1,0,10,29
10,1,94,1,20,9,0,0,10,13,19,19,1,0,9,29
10,1,95,1,20,8,0,0,9,13,19,19,1,0,9,28
10,1,96,1,19,8,0,0,9,13,18,18,1,0,9,27
10,1,97,1,18,8,0,0,9,13,17,17,1,0,9,26
10,1,98,1,17,8,0,0,9,13,16,16,1,0,9,25
10,1,99,1,16,8,0,0,9,13,15,15,1,0,9,24
10,1,100,1,16,8,0,0,9,13,15,15,1,0,8,24
10,1,101,1,16,8,0,0,9,13,15,15,1,0,7,24
10,1,102,1,16,8,0,0,9,13,15,15,1,0,6,24
10,1,103,1,16,8,0,0,9,13,15,15,1,0,5,24
10,1,104,1,16,8,0,0,9,13,15,15,1,0,4,24
10,1,105,1,16,8,0,0,9,13,15,15,1,0,3,24
10,1,106,1,16,8,0,0,9,13,15,15,1,0,3,24
10,1,107,1,15,8,0,0,9,13,14,14,1,0,3,23
10,1,108,1,15,7,0,0,8,13,14,14,1,0,3,22
10,1,109,1,14,7,0,0,8,13,13,13,1,0,3,21
10,1,110,1,14,6,0,0,7,13,13,13,1,0,3,20
10,1,111,1,14,6,0,0,7,13,13,13,1,0,2,20
10,1,112,0,14,6,0,0,6,13,13,13,1,0,2,19
10,1,113,0,14,6,0,0,6,13,13,13,1,0,1,19
10,1,114,0,14,5,0,0,5,13,13,13,1,0,1,18
10,1,115,0,14,5,0,0,5,12,13,13,1,0,1,18
10,1,116,0,13,5,0,0,5,12,12,12,1,0,1,17
10,1,117,0,12,5,0,0,5,12,11,11,1,0,1,16
10,1,118,0,12,4,0,0,4,12,11,11,1,0,1,15
10,1,119,0,12,4,0,0,4,11,11,11,1,0,1,15
10,1,120,0,11,4,0,0,4,11,10,10,1,0,1,14
10,1,121,0,11,4,0,0,4,10,10,10,1,0,1,14
10,1,122,0,10,4,0,0,4,10,9,9,1,0,1,13
10,1,123,0,10,3,0,0,3,10,9,9,1,0,1,12
10,1,124,0,10,2,0,0,2,10,9,9,1,0,1,11
10,1,125,0,9,2,0,0,2,10,8,8,1,0,1,10
10,1,126,0,9,2,0,0,2,9,8,8,1,0,1,10
10,1,127,0,9,2,0,0,2,9,8,8,1,0,0,10
10,1,128,0,9,2,0,0,2,8,8,8,1,0,0,10
10,1,129,0,8,2,0,0,2,8,7,7,1,0,0,9
10,1,130,0,8,2,0,0,2,7,7,7,1,0,0,9
10,1,131,0,8,2,0,0,2,6,7,7,1,0,0,9
10,1,132,0,8,1,0,0,1,6,7,7,1,0,0,8
10,1,133,0,8,1,0,0,1,5,7,7,1,0,0,8
10,1,134,0,7,1,0,0,1,5,6,6,1,0,0,7
10,1,135,0,6,1,0,0,1,5,5,5,1,0,0,6
10,1,136,0,5,1,0,0,1,5,4,4,1,0,0,5
10,1,137,0,5,1,0,0,1,4,4,4,1,0,0,5
10,1,138,0,4,1,0,0,1,4,3,3,1,0,0,4
10,1,139,0,4,1,0,0,1,3,3,3,1,0,0,4
10,1,140,0,3,1,0,0,1,3,2,2,1,0,0,3
10,1,141,0,3,0,0,0,0,3,2,2,1,0,0,2
10,1,142,0,3,0,0,0,0,2,2,2,1,0,0,2
10,1,143,0,2,0,0,0,0,2,1,1,1,0,0,1
10,1,144,0,2,0,0,0,0,1,1,1,1,0,0,1
10,1,145,0,1,0,0,0,0,1,0,0,1,0,0,0
